id,split,label,label_kind,pred_code,stage_true,stage_pred,trend_true,trend_pred,confidence,reason_ru,title,topic,technology_ru,profile_ru
bgrp-004279c730,dev_fold_4,0,OFF_TOPIC,N-OFF,,4,,2,1.0,"Документы касаются переработки лигноцеллюлозных отходов растений, но не содержат информации о синтетической биологии в производстве материалов.",agro-industrial lignocellulosic waste,синтетическая биология в производстве материалов,Переработка агропромышленных лигноцеллюлозных отходов,"Обзор научных публикаций о переработке растительных отходов в биотопливо, биокомпозиты и биопластики с использованием грибных биотехнологий."
bgrp-01f42163d4,dev_fold_2,0,OVERVIEW,N-OVR,,4,,2,1.0,"Кандидат представляет обзоры тенденций робототехники и цифровых двойников, не описывает конкретные технологии или методы.",robotics Trends scopes,робототехника и физический искусственный интеллект,тенденции и области применения робототехники,"Обзорные научные публикации 2022–2023 годов рассматривают тенденции и направления развития робототехники и цифровых двойников, не фокусируясь на конкретных технологиях."
bgrp-0565456e5a,dev_fold_1,0,NOISE,N-NOI,,1,,1,1.0,"Источники — только репозитории на GitHub без независимого подтверждения, что указывает на низкий уровень достоверности.",campuspay,перспективные решения в финтехе,CampusPay и NeoPay — образовательные платёжные системы,Платёжные системы CampusPay и NeoPay разрабатываются как образовательные финансовые сервисы. Упоминания встречаются в персональных репозиториях на GitHub с 2023 по 2025 год.
bgrp-075a4beb53,dev_fold_0,0,NOISE,N-OFF,,1,,1,1.0,"Документы относятся к репозиториям на GitHub, но не содержат информации об индустриальном искусственном интеллекте на производстве.",abhayra12 industrial-data-bridge,индустриальный искусственный интеллект на производстве,Индустриальная интеграция данных (industrial-data-bridge),Репозиторий с кодом для интеграции данных в промышленности; конкретные детали технологии и стадии внедрения не указаны.
bgrp-075b16f855,holdout,0,OFF_TOPIC,N-OFF,,1,,2,1.0,"Документы касаются физики фонон-поляритонов и экситонных спинов в перовскитах, а не солнечных элементов.",Phonon-Polaritons in Lead-Halide,перовскитные солнечные элементы,Фонон-поляритоны в перовскитах,"Исследование свойств фонон-поляритонов и экситонных спинов в кристаллах перовскитов, опубликовано в научных журналах в 2023–2024 годах."
bgrp-0a974acb06,holdout,0,GENERIC_CONCEPT,N-GEN,,1,,2,1.0,"Рассматривается широкий спектр перовскитов для возобновляемой энергетики, но конкретные солнечные элементы не выделены.",perovskites for renewable,перовскитные солнечные элементы,Перовскиты для возобновляемой энергии,"Научные публикации 2023–2024 годов исследуют свойства различных типов перовскитов для солнечной и термальной энергетики, но не фокусируются на конкретных солнечных элементах."
bgrp-0c499cc9a6,dev_fold_1,0,OFF_TOPIC,N-OFF,,1,,1,1.0,"Документы касаются правовых проблем использования ИИ в России и влияния ИИ на мышление студентов, не связаны с ИИ-агентами для разработки ПО.",INTELLIGENCE IN RUSSIA,ИИ-агенты для разработки программного обеспечения,,
bgrp-0ca395a51f,dev_fold_4,0,OFF_TOPIC,N-OFF,,1,,1,1.0,"Кандидат посвящён сегментации данных с лидаров, но не касается конкретно твердотельных лидаров.",Scalable LiDAR Segmentation,твердотельные лидары,Сегментация данных с лидаров,
bgrp-0d08786980,dev_fold_1,0,NOISE,R,,1,,2,1.0,"Кандидат соответствует всем критериям: конкретные AI-решения в финтехе, ранние стадии (исследования и предпрототипные модели), доверие к источнику (Zenodo), рост интереса по дате публикаций.",AI-Powered Chargeback Prediction,перспективные решения в финтехе,Прогнозирование возвратов платежей и автоматизация споров с использованием объяснимых моделей глубокого обучения (AI-Powered Chargeback Prediction),"Технология прогнозирования возвратов платежей и автоматизации разрешения споров с применением explainable deep learning. Исследовательская стадия, публикации 2023 года."
bgrp-0d4f496e6f,dev_fold_0,0,OFF_TOPIC,N-OFF,,1,,1,1.0,"Тема связана с безопасностью ИИ и распознаванием лиц, а не с инфраструктурой ИИ и дата-центрами.",Secure_Face_AI,инфраструктура для искусственного интеллекта и дата-центры,Secure_Face_AI (безопасное распознавание лиц),Проект Secure_Face_AI на GitHub посвящен разработке безопасного распознавания лиц. Это кодовые репозитории без подтверждений и подробностей о применении в инфраструктурах ИИ или дата-центрах.
bgrp-0d57b7b20f,dev_fold_4,0,OFF_TOPIC,N-OFF,,4,,2,1.0,"Кандидат посвящён синтезу наночастиц и зелёным технологиям, но не затрагивает тему синтетической биологии в производстве материалов.",nanoparticles characteristics synthesis,синтетическая биология в производстве материалов,Синтез наночастиц,"Научные обзоры методов синтеза наночастиц, включая зелёные методы, и их применение в медицине и очистке воды."
bgrp-118617ab9c,dev_fold_1,0,OFF_TOPIC,N-OFF,,1,,2,1.0,"Технология связана с децентрализованными автономными организациями (DAO), а не с финтех-решениями.",DAO Decentralization Voting-Bloc,перспективные решения в финтехе,DAO Decentralization Voting-Bloc (децентрализация голосования в DAO),"Концептуальное решение для улучшения децентрализации и предотвращения манипуляций в DAO, исследуется в научных публикациях 2023 года."
bgrp-13f8e8a7ba,dev_fold_3,1,WEAK_SIGNAL_RELEVANT,R,,1,,2,1.0,"Кандидат соответствует всем критериям: тема нейроморфных процессоров, конкретные исследования, научные публикации подтверждают раннюю стадию разработки и рост интереса.",Study for Neuromorphic,нейроморфные процессоры,Нейроморфные процессоры (Neuromorphic Processors),"Исследования касаются алгоритмов тестирования, верификации процессоров с помощью LLMs, открытых периферийных решений и компрессии тестов для нейроморфных микросхем. Публикации 2024–2026 годов указывают на исследовательскую фазу и растущий интерес."
bgrp-14d51f288a,dev_fold_0,0,NOISE,N-OFF,,1,,1,1.0,"Документы относятся к разработке ПО, но не содержат информации о защите и безопасности систем ИИ.",seanpixel council-of-ai,защита и безопасность систем искусственного интеллекта,c-sentinel (SpeyTech),"Инструмент или проект c-sentinel, размещённый на GitHub, упоминается в 2023–2026 годах."
bgrp-162827073d,dev_fold_1,0,NOISE,N-NOI,,1,,1,1.0,"Документы представляют собой кодовые репозитории на GitHub без подтверждений и подробностей реализации, что указывает на отсутствие конкретики и проверяемости.",Crypto-Payment-Gateway,перспективные решения в финтехе,Платформы криптоплатежей (Crypto-Payment-Gateway),"Различные кодовые репозитории, посвящённые платформам криптоплатежей, размещённые на GitHub в период с мая 2025 года по июнь 2026 года."
bgrp-164b7d91ab,dev_fold_4,0,MATURE,R,,2,,2,1.0,"Документы подтверждают использование гибридных твердотельных лидаров в научных исследованиях, охватывают период 2023–2024 годов, источники надёжные.",LiDAR point cloud,твердотельные лидары,гибридные твердотельные лидары,Гибридные твердотельные лидары используются в научных публикациях с 2023 года для задач трёхмерной реконструкции дорожного покрытия и автономного вождения.
bgrp-16c8e84f3e,dev_fold_0,1,WEAK_SIGNAL_RELEVANT,R,,2,,2,1.0,"Представлены конкретные технологии защиты ИИ-систем (детектор джейлбрейков), описаны механизмы атак и защиты, источники — индустриальное медиа 2026 года.",JailBreak-атаки почему ИИ,защита и безопасность систем искусственного интеллекта,Детектор джейлбрейков для русскоязычных AI-агентов,Технология обнаружения JailBreak-атак на русскоязычных AI-агентах разработана и представлена в публикациях Хабра в сентябре 2026 года.
bgrp-1932faf0d7,dev_fold_4,1,WEAK_SIGNAL_RELEVANT,N-GEN,,1,,2,1.0,"Кандидат охватывает широкий спектр фотонных технологий, связанных с лидарами, но не выделяет конкретно твердотельные лидары как отдельную технологию.",integrated photonic FMCW,твердотельные лидары,интегрированные фотонные FMCW-системы,
bgrp-198b3e9eac,dev_fold_2,0,OFF_TOPIC,N-OFF,,1,,1,1.0,"Документы касаются мультисенсорной интеграции и автономной навигации, но не квантовых сенсоров.",Multimodal Sensor Fusion,квантовые сенсоры для навигации,Мультисенсорная интеграция,
bgrp-19dfc29bc8,dev_fold_0,0,NOISE,N-OFF,,1,,1,1.0,"Документы касаются разработки операционных систем и инструментов для ИИ, но не затрагивают тему защиты и безопасности систем ИИ.",lglucas ai-dev-operating-system,защита и безопасность систем искусственного интеллекта,ai-dev-operating-system (lglucas),Проект ai-dev-operating-system и сопутствующие инструменты размещены на GitHub в 2026 году.
bgrp-1a08083e45,dev_fold_0,0,OFF_TOPIC,N-OVR,,4,,1,1.0,"Источники рассматривают правовые проблемы использования ИИ в России и статус ИИ-продуктов, но не предлагают конкретных технологий защиты и безопасности систем ИИ.",Artificial Intelligence Systems,защита и безопасность систем искусственного интеллекта,Правовые аспекты использования ИИ,"Научные публикации 2023–2024 годов исследуют юридические вопросы применения ИИ и статуса продуктов, созданных искусственным интеллектом."
bgrp-1a494b7d3c,dev_fold_2,1,WEAK_SIGNAL_RELEVANT,N-GEN,,1,,1,1.0,"Рассматривается чувствительность атомов в контексте квантовой обработки информации, но не конкретно квантовые сенсоры для навигации.",Sensitivity of atom,квантовые сенсоры для навигации,Чувствительность атома,
bgrp-1b1591a15c,dev_fold_4,0,OFF_TOPIC,N-OFF,,1,,1,1.0,"Кандидат связан с лазерно-индуцированными спин-динамическими сценариями и жидкокристаллическими метаповерхностями, не имеет отношения к твердотельным лидарам.",laser-induced spin-dynamics scenarios,твердотельные лидары,лазерно-индуцированная спин-динамика,
bgrp-1b454b1cb9,dev_fold_4,0,NOISE,N-OFF,,4,,1,1.0,"Документы относятся к облачным сервисам Cloudflare, не связанным с edge-вычислениями или периферийным инференсом.",cloudflare-for-speed-and-security,edge-вычисления и периферийный инференс,Cloudflare для скорости и безопасности,"Сервисы Cloudflare для оптимизации скорости и безопасности интернета, не относящиеся к edge-вычислениям."
bgrp-1c7d0ace76,dev_fold_0,0,NOISE,N-OFF,,1,,1,1.0,"Тема связана с гипотезой субстратной рекурренции и конвергенцией вычислительной биологии, устойчивого сельского хозяйства и синтетической биологии, что не соответствует запросу на индустриальный ИИ.",Substrate Recurrence Hypothesis,индустриальный искусственный интеллект на производстве,Гипотеза субстратной рекурренции (Substrate Recurrence Hypothesis),Научное исследование гипотезы субстратной рекурренции и конвергенции технологий в биологии и сельском хозяйстве; опубликовано в 2026 году.
bgrp-1d4e54bfcd,dev_fold_0,0,NOISE,R,,1,,1,1.0,"Кандидат соответствует всем критериям: тема инфраструктуры ИИ, конкретное решение — энергоэффективный фреймворк BeastStack, ранняя стадия разработки (предпринт 2026 года), наличие независимого источника — научной публикации.",Energy Efficient Framework,инфраструктура для искусственного интеллекта и дата-центры,Энергосберегающая инфраструктура ИИ: гиперкубическая архитектура BeastStack (Energy Efficient Framework),"BeastStack — перспективная энергосберегающая инфраструктура для искусственного интеллекта, основанная на гиперкубической архитектуре. Описана в предпринте 2026 года на zenodo.org. Научная публикация 2024 года подтверждает актуальность темы энергоэффективности в корпоративном секторе."
bgrp-1ebfe124d2,holdout,1,WEAK_SIGNAL_RELEVANT,R,,2,,2,1.0,"Конкретное решение — роботизированная биопечать для лечения объёмных повреждений мышц, научные публикации 2023–2026 годов подтверждают раннюю стадию разработки.",Robotic Bioprinting Framework,биопечать тканей и органов,роботизированная биопечать (Robotic Bioprinting Framework),"Роботизированная платформа для биопечати тканей, автоматизация оценки толщины слоя и мониторинг печати. Исследования и публикации с 2023 года, разработка продолжается."
bgrp-204db78482,dev_fold_1,0,OFF_TOPIC,N-OFF,,1,,1,1.0,"Документы посвящены этическим и регуляторным проблемам ИИ в здравоохранении, а не перспективным решениям в финтехе.",challenges of AI,перспективные решения в финтехе,Этические и регуляторные проблемы ИИ,
bgrp-20636401db,dev_fold_0,0,NOISE,U,,1,,1,0.9,"Название 'ai-manufacturing-optimizer' указывает на конкретную технологию оптимизации производства с помощью ИИ, подходящая под запрос; источники — репозитории на GitHub средней достоверности.",ai-manufacturing-optimizer,индустриальный искусственный интеллект на производстве,Оптимизация производства с помощью ИИ (ai-manufacturing-optimizer),"Проект с открытым кодом, направленный на оптимизацию производственных процессов с использованием ИИ; упоминается несколько связанных репозиториев на GitHub за 2025–2026 гг."
bgrp-20747062e4,dev_fold_4,1,WEAK_SIGNAL_RELEVANT,R,,2,,2,1.0,"Технология твердотельного лидара на основе фазированных оптических массивов соответствует всем критериям: связана с запросом, конкретна, находится на ранней стадии развития и подтверждена научными публикациями.",optical phased arrays,твердотельные лидары,Фазированные оптические массивы для твердотельных лидаров (Optical Phased Arrays),"Разрабатываются твердотельные лидары на основе фазированных оптических массивов с использованием фотонных интегральных схем. Исследования ведутся с 2024 года, наблюдается рост публикаций и интереса."
bgrp-216265ad0c,dev_fold_1,0,NOISE,N-NOI,,1,,1,1.0,Источники — репозитории на GitHub без подробностей о технологии cheqq и без подтверждений внедрения.,cheqq,перспективные решения в финтехе,cheqq,
bgrp-230b4ec1f1,dev_fold_0,0,NOISE,N-OFF,,1,,1,1.0,"Технология автономной фабрики управления касается концепции и архитектуры автономного управления организациями, что не связано с индустриальным ИИ на производстве.",Autonomous Governance Factory,индустриальный искусственный интеллект на производстве,Автономная фабрика управления (Autonomous Governance Factory),"Концептуальное исследование и архитектура автономной фабрики управления, опубликованное в научных препринтах в 2026 году."
bgrp-23ee6744ed,dev_fold_3,0,OFF_TOPIC,N-OFF,,2,,2,1.0,"Тема кластера связана с цифровыми кошельками и верифицируемыми данными, но не касается постквантовой криптографии.",SLVC-DIDA Signature-less Verifiable,постквантовая криптография,SLVC-DIDA (метод верификации цифровых удостоверений),"Метод цифровой идентификации и верификации данных с защитой приватности и мультиавторизацией. Исследуется с 2023 года, публикации регулярно появляются."
bgrp-2468cfea07,dev_fold_2,1,WEAK_SIGNAL_RELEVANT,R,,2,,2,1.0,"Кандидат соответствует всем критериям: конкретные квантовые сенсоры (NMR-комагнетометры) для навигации, научные публикации подтверждают концепцию и исследования, наблюдается рост интереса и разработок.",NMR Co Magnetometers,квантовые сенсоры для навигации,NMR-комагнетометры,"NMR-комагнетометры используются в инерциальных навигационных системах. Исследования включают миниатюризацию гироскопов, улучшение точности измерений слабых магнитных полей и компенсацию ошибок. Разработка находится на стадии исследований и прототипов."
bgrp-2598632f59,dev_fold_4,0,OFF_TOPIC,R,,2,,2,1.0,"Конкретное направление твердотельных лидаров — лазеры с длиной волны 2 мкм, подтверждено научными публикациями последних лет, технология находится на стадии разработки и внедрения.",μm Solid-State Laser,твердотельные лидары,Твердотельный лазер с длиной волны 2 мкм для лидаров (2 μm Solid-State Laser),"Разработки велись последнее десятилетие, научные публикации подтверждают прогресс в создании высокопроизводительных непрерывноволновых лазеров с одномодовым излучением на фотонно-кристаллических структурах для твердотельных лидаров."
bgrp-264c80bc6c,dev_fold_3,1,WEAK_SIGNAL_RELEVANT,R,,2,,2,1.0,"Документы содержат конкретные научные публикации о мобильных сельскохозяйственных роботах, адаптивных системах навигации и мониторинга поведения куриц, подтверждающие раннюю стадию развития технологий.",Agricultural Mobile Robots,агророботы и точное земледелие,Адаптивная система навигации сельскохозяйственных роботов с использованием LiDAR и IMU (Adaptive LiDAR Odometry and Mapping),"Технология представляет собой систему автономной навигации для сельскохозяйственных роботов в беспилотных фермах, основанную на адаптивной обработке данных LiDAR и IMU. Исследования опубликованы в 2024–2026 годах."
bgrp-273211825d,dev_fold_1,0,GENERIC_CONCEPT,R,,1,,2,1.0,"Кандидат соответствует всем критериям: тема гибкой электроники, конкретные разработки органических полупроводников и носимые устройства, научные публикации подтверждают раннюю стадию и рост интереса.",organic semiconductors,гибкая и печатная электроника,Органические полупроводники для гибкой электроники (organic semiconductors),Исследования органических полупроводников для создания гибких электронных устройств и носимых биоэлектроник. Активные публикации начиная с 2023 года показывают развитие и прогресс в этой области.
bgrp-28e506d185,holdout,0,NOISE,R,,1,,2,1.0,"Документы содержат конкретные научные публикации о метаповерхностях и динамически управляемых метаматериалах, относятся к ранней стадии исследований, подтверждены независимыми источниками.",ТЕХНОЛОГИИ БАЗОВЫХ НАНОЭЛЕМЕНТОВ,метаматериалы и метаповерхности,Вычислительные диэлектрические метаповерхности в фотонных топологических устройствах для многомерной обработки сигналов,"Научные исследования вычислительных диэлектрических метаповерхностей для многомерной обработки сигналов начались в 2023 году, публикации продолжаются до 2024 года."
bgrp-28ee876d3a,dev_fold_3,1,WEAK_SIGNAL_RELEVANT,U,,1,,3,1.0,"Кандидат соответствует всем критериям слабого сигнала: тема поста-квантовой криптографии актуальна, представлены конкретные направления исследований, источники надёжные, наблюдается быстрый рост интереса и публикаций начиная с 2024 года.",Post-Quantum Cryptography,постквантовая криптография,Постквантовая криптография (обзор направлений и алгоритмов),"Область разработки квантово-стойких криптографических методов и алгоритмов для защиты данных в условиях появления квантовых компьютеров. Активные исследования и публикации ведутся с 2024 года, отмечается быстрый рост интереса и появление новых работ."
bgrp-2a181880ab,dev_fold_0,1,WEAK_SIGNAL_RELEVANT,N-OFF,,1,,1,1.0,"Технология связана с получением водорода через плазму, но не с зелёным водородом для промышленности.",hydrogen plasma reduction,зелёный водород для промышленности,Водородная плазменная редукция (hydrogen plasma reduction),"Метод получения водорода из полимерных органических твёрдых веществ посредством атмосферного давления нетепловой плазмы. Используется для производства климатически нейтрального водорода, в частности, в процессе получения зелёной стали из красного шлама. Исследования опубликованы в научных журналах в 2023–2024 годах."
bgrp-2cee5837fe,dev_fold_0,0,NOISE,N-NOI,,1,,1,1.0,"Документы представляют собой коллекции репозиториев GitHub без привязки к инфраструктуре ИИ или дата-центрам, а скорее к инженерии данных и векторным базам.",data-engineering-for-ai,инфраструктура для искусственного интеллекта и дата-центры,Коллекция репозиториев по инженерии данных для ИИ,Сборник открытых проектов по инженерии данных и обработке информации для задач искусственного интеллекта.
bgrp-2d5c5898f6,dev_fold_2,0,GENERIC_CONCEPT,N-OVR,,4,,2,1.0,"Кандидат представляет собой обзор тенденций в робототехнике, а не конкретную технологию или разработку.",trends in robotics,робототехника и физический искусственный интеллект,тенденции в робототехнике,"Обзор современных тенденций в робототехнике и автоматизации опубликован в научной статье 2026 года. Есть ссылка на репозиторий на GitHub, но он сам по себе не подтверждает конкретику или раннюю стадию."
bgrp-2f867982d5,dev_fold_3,0,OVERVIEW,R,,1,,2,1.0,"Конкретная технология фотонных интегральных схем для вычислений, исследования и научные публикации подтверждают раннюю стадию развития.",Фотонные интегральные схемы,фотонные вычисления,Фотонные интегральные схемы (Photonic Integrated Circuits),"Исследования фотонных интегральных схем для оптических вычислений ведутся с 2023 года, публикации регулярно появляются в научных журналах."
bgrp-316a2f7fbf,dev_fold_0,0,GENERIC_CONCEPT,N-OFF,,1,,1,1.0,"Документы касаются автомобилей на водородном топливе и рынков углерода, а не зелёного водорода для промышленности.",водородном топливе,зелёный водород для промышленности,водородное топливо,
bgrp-328205e217,dev_fold_2,0,OVERVIEW,N-OFF,,1,,1,1.0,Тема полностью автоматизируемых фабрик и dark factories не связана с робототехникой и физическим искусственным интеллектом.,Complete Automation,робототехника и физический искусственный интеллект,Полная автоматизация (Complete Automation),Обзор тенденций полной автоматизации производства и перехода к dark factories.
bgrp-32fd3cea4f,dev_fold_1,1,WEAK_SIGNAL_RELEVANT,R,,2,,2,1.0,Представлены конкретные решения на основе доказательств с нулевым разглашением для приватных платёжных каналов и идентификации в блокчейне; научные публикации подтверждают раннюю стадию и рост интереса.,vatal-system Privacy-Preserving-Blockchain-Identity-Systems--using-Zero-Knowledge-Proofs,перспективные решения в финтехе,Платёжные каналы с доказательствами с нулевым разглашением,"Технология обеспечивает конфиденциальность транзакций и приватную идентификацию в блокчейне через доказательства с нулевым разглашением. Есть научные публикации начиная с 2024 года, включая препринты и код на GitHub."
bgrp-339c8f4668,dev_fold_2,0,NOISE,N-NOI,,1,,1,0.9,Отсутствуют независимые верифицируемые источники — только репозитории разработчиков на GitHub.,Arthas-88 AI-Explorer-Robot,робототехника и физический искусственный интеллект,Робот Arthas-88 AI-Explorer-Robot,"Проект робота-исследователя с искусственным интеллектом, упомянут в персональных репозиториях на GitHub в 2026 году."
bgrp-3474b3e5a4,dev_fold_2,0,OFF_TOPIC,R,,2,,2,1.0,"Упомянуты конкретные наноструктурные квантовые сенсоры на основе алмаза (NV-центры), применяемые для магнетометрии, что связано с запросом. Есть научные публикации, подтверждающие исследования и разработки на ранних стадиях, наблюдается рост публикаций по теме.",nanoscale magnetometry,квантовые сенсоры для навигации,Наноструктурные квантовые сенсоры на основе NV-центров в алмазе,"Исследуются алмазные квантовые сенсоры с NV-центрами для наномасштабной магнетометрии. Применяются в конденсированной материи, ядерной квантовой сенсорике и визуализации эффектов в сверхпроводниках. Технологии находятся на стадии научных исследований и прототипирования, отмечается рост публикаций и интереса."
bgrp-34e60abd2e,dev_fold_0,0,NOISE,N-OFF,,1,,1,1.0,"Документы относятся к разработке агентов и инструментов для ИИ, но не касаются конкретно защиты и безопасности систем ИИ.",Ali-hey-0 ai-runtime-lab,защита и безопасность систем искусственного интеллекта,Инструменты и платформы для разработки мультиагентных систем и проверки кода ИИ,Разработка инструментов и платформ для создания и тестирования мультиагентных систем ИИ. Активность наблюдается с февраля 2025 года.
bgrp-364cd3ab0d,holdout,0,MATURE,R,,1,,2,1.0,"Конкретный био-инжиниринговый материал — гидрогель для клеточной биопечати, описан в патенте и научной статье, указывает на исследовательскую стадию технологии.",hydrogel for 3D,биопечать тканей и органов,гидрогель для клеточной биопечати (hydrogel for cell-laden bioprinting),"Гидрогель для биопечати клеток, описан метод приготовления и применения. Патент зарегистрирован в 2024 году, научные публикации подтверждают развитие технологии."
bgrp-369be77aa4,dev_fold_0,0,NOISE,N-OVR,,4,,1,1.0,"Кандидат представляет собой обзорную и аналитическую работу о глобальной экосистеме ИИ и координации в индустрии, без конкретизации технологий или ранних стадий внедрения.",US AI Ecosystem,индустриальный искусственный интеллект на производстве,Обзор экосистемы ИИ в США и мировой генеративный ИИ,"Анализ политической экономики глобального рынка генеративного ИИ и состояния экосистемы ИИ в США. Рассматриваются координация в индустрии, асимметрия занятости и стратегическая конкуренция между США и Китаем."
bgrp-378524099c,dev_fold_0,0,NOISE,N-NOI,,1,,1,1.0,"Документы представляют собой ссылки на GitHub без подтверждений и подробностей реализации, что указывает на отсутствие верифицируемости и конкретики.",grishmankp-crypto Tata-Steel-Industrial-AI-Grishmank-,индустриальный искусственный интеллект на производстве,Индустриальный искусственный интеллект на производстве (общий термин),"Кандидат представляет собой набор ссылок на репозитории GitHub без детализации технологий, стадий разработки или внедрения."
bgrp-3957117411,holdout,0,NOISE,N-NOI,,1,,1,1.0,"Документы представляют собой смесь учебных и личных проектов на GitHub, обзорные статьи без детализации конкретной технологии биопечати.",sachinjangir74 3D-BioPrinting-Scaffold,биопечать тканей и органов,неконкретизирована,"Сборник ссылок и обзоров по биопечати, размещённых на GitHub и в научных статьях. Нет информации о конкретной технологии, стадии разработки или внедрения."
bgrp-3a8532d591,dev_fold_3,1,WEAK_SIGNAL_RELEVANT,R,,2,,3,1.0,"Кандидат соответствует всем критериям: конкретные разработки ECRAM-based analog neuromorphic систем описаны в научных публикациях, технология находится на стадии прототипа и активного исследования, наблюдается быстрый рост интереса.",ECRAM-Based Analog Neuromorphic,нейроморфные процессоры,ECRAM-Based Analog Neuromorphic системы (аналоговые нейроморфные системы на основе ECRAM),Разрабатываются аналоговые нейроморфные системы на основе ECRAM для обработки изображений и временных последовательностей. Первые реализации представлены в виде прототипов и описанных в научных статьях начиная с 2023 года. Наблюдается активный рост публикаций и интереса к этой технологии.
bgrp-3aa71b5be8,dev_fold_2,0,NOISE,N-OFF,,1,,1,1.0,"Технология связана с EdgeAI и NeuroAI, но не имеет отношения к робототехнике и физическому искусственному интеллекту.",EdgeAI-MotorMind,робототехника и физический искусственный интеллект,EdgeAI-MotorMind (NeuroAI),Платформа для ускорения развития искусственного интеллекта через NeuroAI. Включает открытый код и научные публикации. Ранняя стадия разработки.
bgrp-3c76073859,dev_fold_1,1,WEAK_SIGNAL_RELEVANT,R,,2,,2,1.0,Рассматриваются конкретные алгоритмы генеративных моделей (GANs) для создания синтетических финансовых данных и обнаружения мошенничества; научные публикации показывают развитие и рост интереса.,GANs for Fraud,перспективные решения в финтехе,GAN-системы для обнаружения финансового мошенничества,Генеративные состязательные сети (GANs) используются для синтеза финансовых транзакций и выявления мошеннических операций. Научные публикации подтверждают активное развитие технологии с 2023 года.
bgrp-3c8e35f66d,dev_fold_0,0,OFF_TOPIC,N-OFF,,4,,2,1.0,"Кандидат посвящён ответственному ИИ и этике, а не инфраструктуре ИИ или дата-центрам.",responsible AI systems,инфраструктура для искусственного интеллекта и дата-центры,ответственный ИИ (Responsible AI),"Обзор научных публикаций по ответственному искусственному интеллекту, этическим принципам и регулированию. Тема актуальна, но не связана с инфраструктурой ИИ или дата-центрами."
bgrp-3e6219631a,dev_fold_4,0,OFF_TOPIC,N-OFF,,4,,1,1.0,"Кандидат посвящён улучшению плотности сканирования механических лидаров через зеркала, а не твёрдотельным лидарам, поэтому не соответствует запросу.",enhance LiDAR scanning,твердотельные лидары,Улучшение плотности сканирования лидаров с помощью зеркал (enhance LiDAR scanning),Метод улучшения качества и плотности сканирования механических лидаров с помощью зеркальных систем описан в научной публикации 2025 года. Также упоминается образовательная установка для изучения принципов диодно-накачанных твёрдотельных лазеров.
bgrp-3ee738f4dd,dev_fold_2,0,OVERVIEW,N-OVR,,4,,3,1.0,"Кандидат представляет обзоры и исследования по использованию больших языковых моделей в робототехнике, но не описывает конкретные технологии на ранней стадии внедрения.",Models for Robotics,робототехника и физический искусственный интеллект,Использование больших языковых моделей в робототехнике,
bgrp-3feee7e38d,dev_fold_1,0,NOISE,N-OFF,,1,,2,1.0,"Документы посвящены использованию NFT для цифровых активов художников и академических платежей, что не связано с финтех-решениями.",Form of NFT,перспективные решения в финтехе,Использование NFT в академических платежах и цифровизации искусства,Исследования применения NFT для онлайн-платежей в академической среде и цифровой идентификации произведений искусства. Публикации 2023–2024 годов.
bgrp-408ad2e10b,dev_fold_1,0,GENERIC_CONCEPT,N-OFF,,1,,1,1.0,Название 'Energy Internet' не связано с умными электросетями или виртуальными электростанциями.,Energy Internet Redefinition,умные электросети и виртуальные электростанции,Энергетический интернет (Energy Internet),
bgrp-40ca3280af,dev_fold_2,0,OFF_TOPIC,N-OFF,,1,,1,1.0,"Кандидат посвящён симуляции электромобилей и алгоритмам управления энергией, а не твёрдотельным аккумуляторам.",Electric Vehicle Simulation,твердотельные аккумуляторы для электротранспорта,Симуляция электромобилей и алгоритмы управления энергией,
bgrp-42487edaf2,dev_fold_4,0,NOISE,N-OFF,,1,,1,1.0,"Кандидат посвящён разработке акустической Mesh-системы для мониторинга утечек, не связанной с edge-вычислениями или периферийным инференсом.",акустической Mesh-системы мониторинга,edge-вычисления и периферийный инференс,Распределённая акустическая Mesh-система мониторинга утечек,Научные публикации 2026 года о разработке системы мониторинга утечек на основе микроконтроллеров ESP32 и архитектур YOLO.
bgrp-42c8376685,dev_fold_0,1,WEAK_SIGNAL_RELEVANT,U,,1,,1,0.8,"Документы посвящены инструментам обеспечения безопасности ИИ, соответствуют запросу, имеют конкретику и признаки ранних стадий развития технологий.",cosai-oasis secure-ai-tooling,защита и безопасность систем искусственного интеллекта,Secure-AI-Tooling — инструменты обеспечения безопасности систем искусственного интеллекта,"Разрабатываются инструменты для повышения защищённости систем ИИ. Первые упоминания с октября 2024 года, активность продолжается до мая 2025 года."
bgrp-4350c07601,dev_fold_4,1,WEAK_SIGNAL_RELEVANT,R,,2,,2,1.0,"Документы конкретно рассматривают инженерию бактериальной целлюлозы методами синтетической биологии, находятся на стадии исследований и прототипирования, подтверждены научными публикациями.",Engineering Bacterial Cellulose,синтетическая биология в производстве материалов,Инженерия бактериальной целлюлозы с помощью синтетической биологии,Исследования по модификации бактериальной целлюлозы методами синтетической биологии для устойчивого производства материалов. Публикации 2023–2024 годов показывают развитие технологий и оптимизацию микроорганизмов.
bgrp-43a1c347d3,dev_fold_4,0,NOISE,U,,2,,1,0.8,"Упомянуты edge-вычисления в системе на базе беспилотников, конкретные технические детали, ранние этапы разработки, но низкая достоверность из-за GitHub.",tharanivenkat UAV-Assisted-Edge-Computing-System,edge-вычисления и периферийный инференс,Система edge-вычислений с поддержкой беспилотников (UAV),Проект 2025–2026 годов по созданию edge-вычислительной системы с использованием беспилотных летательных аппаратов для навигации и обработки данных в средах без GPS.
bgrp-43d7ec7b0c,dev_fold_0,0,NOISE,N-GEN,,1,,1,1.0,"Рассматривается широкая тема безопасности взаимодействия человека и ИИ, но нет конкретики по технологиям защиты систем ИИ.",Human AI Safety,защита и безопасность систем искусственного интеллекта,Безопасность взаимодействия человека и ИИ (Human AI Safety),Исследуются психологические риски и этические аспекты безопасности взаимодействия человека и ИИ. Публикации с ноября 2024 по август 2026 года.
bgrp-43f90fada7,dev_fold_4,0,OFF_TOPIC,N-OFF,,1,,1,1.0,"Документы касаются приложений для учёта расходных материалов и смежных научных разработок, не связанных с edge-вычислениями или периферийным инференсом.",учёту расходных материалов,edge-вычисления и периферийный инференс,Приложение по учёту расходных материалов офисного оборудования,Научные публикации 2023–2025 годов о разработке приложений и систем автоматизации учёта и контроля различных параметров в офисном и промышленном оборудовании.
bgrp-44b0ae5c83,holdout,0,OVERVIEW,N-MAT,,4,,2,1.0,"Документы содержат обзоры и технико-экономический анализ малых модульных реакторов, что указывает на зрелую стадию технологии.",Small modular reactors,малые модульные ядерные реакторы,Малые модульные ядерные реакторы (Small Modular Reactors),"Малые модульные ядерные реакторы — зрелая технология с развитыми проектами и технико-экономическими исследованиями. Есть публикации начиная с 2023 года, охватывающие развитие в Казахстане и Корее."
bgrp-45bb7d4933,dev_fold_4,0,OFF_TOPIC,N-OFF,,4,,2,1.0,"Кандидат охватывает исследования в области нанокомпозитов и био-нанокомпозитов, но не связан с применением синтетической биологии для создания новых материалов.",nanocomposite and bio-nanocomposite,синтетическая биология в производстве материалов,Нанокомпозиты и био-нанокомпозиты,"Обзоры современных достижений в создании полимерных нанокомпозитов и био-нанокомпозитов, охватывающие подготовку материалов, сенсорные устройства и удаление микропластиков."
bgrp-46b8f7e990,dev_fold_0,0,GENERIC_CONCEPT,N-GEN,,4,,3,1.0,"Кандидат охватывает общую область индустриальных больших языковых моделей, не называя конкретные технологии или методы.",Large Language Model,индустриальный искусственный интеллект на производстве,Индустриальные большие языковые модели,Область применения больших языковых моделей в индустрии 4.0 и умном производстве рассматривается в научных публикациях с 2023 года. Есть примеры федеративного обучения и унифицированных промышленных фреймворков.
bgrp-4898de48ab,dev_fold_1,0,OFF_TOPIC,N-OFF,,1,,1,1.0,"Кандидат посвящён использованию больших языковых моделей в химии, а не малым языковым моделям на мобильных устройствах.",models for chemistry,малые языковые модели на мобильных устройствах,Использование больших языковых моделей в химии и материаловедении,"Исследования ограничений мультимодальных языковых моделей применительно к химии и материаловедению, автономное химическое исследование с помощью больших языковых моделей."
bgrp-490a62316d,holdout,0,OVERVIEW,N-OVR,,4,,2,1.0,"Кандидат охватывает общие темы политики, экономики и технологий CCS/CCU, но не называет конкретные инновационные методы или продукты на ранней стадии.",carbon capture storage,улавливание и хранение углерода,Улавливание и хранение углерода (Carbon Capture and Storage),"Обзор политики и перспектив развития технологий CCS/CCU в научных публикациях 2023–2024 годов. Рассматриваются устоявшиеся и появляющиеся технологии, проводится технико-экономическая оценка и анализ жизненного цикла."
bgrp-4bf425c1d3,dev_fold_0,0,OVERVIEW,N-GEN,,4,,2,1.0,"Кандидат охватывает общие темы искусственного интеллекта в промышленности и цифровой трансформации, но не называет конкретные технологии или методы.",artificial intelligence technologies,индустриальный искусственный интеллект на производстве,Искусственный интеллект в промышленности (общее понятие),Обзорные научные публикации о применении искусственного интеллекта в цифровой трансформации производства и интеллектуализации среды. Рассматриваются стратегические аспекты становления отраслей промышленности РФ с учётом цифровой трансформации.
bgrp-4c02d71a5c,dev_fold_3,1,WEAK_SIGNAL_RELEVANT,R,,1,,1,1.0,"Кандидат соответствует всем критериям: технология связана с нейроморфными процессорами, представлена конкретным решением (искусственный нейрон с резистивными синапсами), находится на ранней стадии разработки (патенты, кодовый репозиторий), подтверждена независимыми источниками.",neuron for neuromorphic,нейроморфные процессоры,Искусственный нейрон для нейроморфного чипа с резистивными синапсами (Artificial neuron for neuromorphic chip with resistive synapses),"Технология представляет собой искусственный нейрон для нейроморфного чипа с использованием резистивных синапсов. Разработка находится на стадии исследований и патентования (2023 год). Есть открытый кодовой репозиторий, датированный 2026 годом."
bgrp-4e9bfca45c,dev_fold_0,0,NOISE,N-OFF,,1,,1,1.0,"Тема candidate_id=c1 связана с разработкой ПО (promptly-lite), а не с инфраструктурой для ИИ или дата-центрами.",promptly-lite,инфраструктура для искусственного интеллекта и дата-центры,promptly-lite (разработка программного обеспечения),"promptly-lite — проект разработки программного обеспечения, размещённый на GitHub. Дата последних обновлений: май 2025 и сентябрь 2026 года."
bgrp-504a204349,dev_fold_4,1,WEAK_SIGNAL_RELEVANT,N-OFF,,2,,2,1.0,"Технология связана с безопасностью на краю через мемристорные чипы, но не касается непосредственно edge-вычислений и периферийного инференса.",memristor-based unified PUF,edge-вычисления и периферийный инференс,memristor-based unified PUF (чип с унифицированной защитой на основе мемристоров),Исследуется аппаратная архитектура для безопасной обработки данных на крае с использованием мемристорных чипов. Есть научные публикации 2023–2025 годов.
bgrp-50d93f025e,dev_fold_2,0,OFF_TOPIC,N-OFF,,1,,2,1.0,"Технология цифровых двойников применяется к аквакультуре, а не к энергетике.",Multifidelity digital twin,цифровые двойники в энергетике,Цифровой двойник с многоуровневой точностью (Multifidelity digital twin),Многоуровневый цифровой двойник для мониторинга динамики сооружений в сетчатых садках аквакультуры. Исследования опубликованы в 2023–2024 годах.
bgrp-515e838f22,holdout,1,WEAK_SIGNAL_RELEVANT,R,,1,,2,1.0,"Документы посвящены исследованию нейтронных характеристик и теплогидравлики малых модульных реакторов, рассматриваются перспективные топливные материалы и технологии безопасности, что указывает на раннюю стадию разработки.",neutronics and thermal-hydraulics,малые модульные ядерные реакторы,малые модульные ядерные реакторы (small modular reactors),"Исследования касаются нейтронных характеристик и теплогидравлики топлива для малых модульных высокотемпературных реакторов, включая анализ спиральной крестообразной конструкции топлива и использование смесей тория с разными делящимися материалами в TRISO-частицах. Также рассматривается технология подавления водородного риска в плавучих АЭС с малыми модулями. Работы ведутся с 2023 года."
bgrp-5381621002,dev_fold_2,1,WEAK_SIGNAL_RELEVANT,R,,2,,2,1.0,"Конкретное применение цифрового двойника для прогнозирования нагрузки в энергосети, научные публикации подтверждают технологию.",Power Load Forecasting,цифровые двойники в энергетике,Цифровой двойник для краткосрочного вероятностного прогноза нагрузки в солнечных умных сетях (Digital Twin for Power Load Forecasting),Цифровой двойник используется для интеллектуального вероятностного краткосрочного прогноза нагрузки в солнечных умных сетях с применением алгоритма Shark. Технологии описаны в научных публикациях 2023–2025 годов.
bgrp-53c88fbe9c,dev_fold_4,0,OVERVIEW,N-OFF,,4,,3,1.0,"Документы касаются индустрии 4.0 и интеллектуальных систем, но не затрагивают конкретно edge-вычисления и периферийный инференс.",ИНДУСТРИИ 4,edge-вычисления и периферийный инференс,Индустрия 4.0,Ряд научных публикаций 2023–2025 годов рассматривает общие тенденции развития Индустрии 4.0 и интеллектуализации производственных систем.
bgrp-570d1d69c3,dev_fold_0,0,GENERIC_CONCEPT,N-OFF,,4,,1,1.0,"Материалы охватывают широкий спектр тем об использовании и развитии ИИ, но не затрагивают защиту и безопасность систем ИИ.",ИИ уже умеет,защита и безопасность систем искусственного интеллекта,Обзор текущих возможностей и внедрения ИИ,"Серия статей о распространённых применениях и тенденциях развития ИИ в России, опубликованных в сентябре 2026 года."
bgrp-58d54203ef,dev_fold_2,0,OFF_TOPIC,N-OFF,,1,,1,1.0,"Документы касаются утилизации литий-ионных батарей и сравнительного анализа батарей, но не конкретно твёрдотельных аккумуляторов для электротранспорта.",spent lithium-ion batteries,твердотельные аккумуляторы для электротранспорта,Утилизация литий-ионных батарей и сравнение типов батарей,
bgrp-596fa3011d,dev_fold_0,0,GENERIC_CONCEPT,N-OFF,,4,,1,1.0,"Документы касаются дискриминации и доверия в искусственном интеллекте, а не защиты и безопасности самих систем ИИ.",artificial intelligence,защита и безопасность систем искусственного интеллекта,Искусственный интеллект (artificial intelligence),"Обзорные научные публикации о дискриминации и доверии в ИИ, без конкретизации технологий защиты и безопасности систем ИИ."
bgrp-5a5f1f8266,dev_fold_0,0,OFF_TOPIC,R,,2,,2,1.0,"Кандидат соответствует всем критериям: конкретные системы обнаружения вторжений на основе ИИ, научные публикации, признаки раннего внедрения и растущего интереса.",AI-Enabled Intrusion Detection,защита и безопасность систем искусственного интеллекта,AI-enabled intrusion detection (обнаружение вторжений с помощью ИИ),"Научные публикации 2023–2025 годов исследуют применение ИИ для обнаружения вторжений, защиты приватности и влияния ИИ на механизмы кибербезопасности. Отражает рост интереса и развитие технологии."
bgrp-5adcf65816,holdout,1,WEAK_SIGNAL_RELEVANT,R,,2,,3,1.0,"Документы содержат конкретные научные публикации о биосенсорах на основе метаповерхностей, описаны гибридные архитектуры и методы оптимизации, публикации регулярно выходят с 2023 по 2025 год.",Exploring Metasurface-Based Biosensor,метаматериалы и метаповерхности,Метаповерхностный биосенсор на графене для обнаружения раковых клеток в терагерцевом диапазоне,"Исследования метаповерхностных биосенсоров ведутся с 2023 года, публикации демонстрируют рост частоты и разнообразия подходов, включая использование графена и машинного обучения для оптимизации."
bgrp-5dbaf2aeac,holdout,0,NOISE,N-OFF,,2,,1,1.0,"Кандидат касается низкотемпературных реакторов и системы утилизации тепла отработанного топлива, но не малых модульных ядерных реакторов.",원자로 및 저압수형,малые модульные ядерные реакторы,Низкотемпературные реакторы и система утилизации тепла отработанного топлива (Spent Nuclear Fuel Decay Heat Recovery System),"Документы описывают систему утилизации тепла отработанного ядерного топлива и методы контроля низкотемпературного реактора. Есть патент и препринт, отражающие исследовательскую стадию технологии."
bgrp-608a25541f,dev_fold_1,0,GENERIC_CONCEPT,N-GEN,,1,,1,0.9,"Кандидат касается общей темы AI для обработки языка на устройстве, но не называет конкретную технологию малых языковых моделей.",ecamln14 On-device-AI-for-Language-Processing,малые языковые модели на мобильных устройствах,AI для обработки языка на устройстве (On-device-AI-for-Language-Processing),"Исследование возможностей и вызовов больших языковых моделей в образовании, упоминается обработка языка на устройстве. Есть научная публикация и кодовый репозиторий."
bgrp-6112c1c0fa,dev_fold_0,0,NOISE,N-NOI,,1,,1,1.0,"Документы представляют собой кодовые репозитории на GitHub без подтверждений и подробностей о технологии, что указывает на шум.",wanglin1111111 ai-industrial-upgrade-intelligent-manufacturing,индустриальный искусственный интеллект на производстве,Индустриальный апгрейд и интеллектуальное производство с помощью ИИ,"Отсутствуют конкретные сведения о технологии, стадии разработки или внедрения."
bgrp-6155f8f042,dev_fold_4,0,OVERVIEW,U,,1,,2,1.0,"Документы рассматривают краевые вычисления для цифровизации энергетики, соответствуют запросу, находятся на ранней стадии внедрения и подтверждены научными публикациями.",цифровизации энергетики,edge-вычисления и периферийный инференс,краевые вычисления для энергетического сектора,Аналитические обзоры и исследования показывают применение краевых и облачных технологий для цифровой трансформации энергетической сферы. Публикации 2023–2024 годов отражают рост интереса к этой теме.
bgrp-63082305bc,dev_fold_4,0,MATURE,R,,2,,2,1.0,"Многоакcescные edge-вычисления (Multi-access Edge Computing) — конкретная технология, находящаяся на стадии исследований и прототипирования, подтверждается научными публикациями 2023–2024 годов.",Multi-access Edge Computing,edge-вычисления и периферийный инференс,Multi-access Edge Computing (многоакcescные edge-вычисления),"Исследуются распределённые вычислительные системы с акцентом на многоакcescные edge-вычисления. Есть публикации и отчёты 2023–2024 годов, посвящённые разработке и исследованию подобных решений."
bgrp-637d04b9cf,dev_fold_4,0,OVERVIEW,N-OVR,,4,,2,1.0,"Документы содержат обзоры, стратегии и перспективы развития метавселенных, а не конкретные технологии или продукты.",сетевая метавселенная,NFT и метавселенная,метавселенная,"Обзорные научные публикации о стратегиях брендов, проблемах регулирования, event-услугах и развитии метавселенных в экономике и обществе."
bgrp-6419edc66a,dev_fold_0,0,OFF_TOPIC,N-OVR,,4,,2,1.0,"Документы охватывают общие темы динамического управления киберрисками и цифровой трансформации, не фокусируясь на конкретных технологиях защиты систем ИИ.",dynamic cybersecurity risk,защита и безопасность систем искусственного интеллекта,Динамическое управление киберрисками (dynamic cybersecurity risk),"Ряд научных публикаций 2023–2025 годов рассматривает общие подходы к управлению рисками и кибербезопасности в цифровых инфраструктурах и IoT, без детализации конкретных защитных решений для систем ИИ."
bgrp-641b9de87a,dev_fold_0,0,OFF_TOPIC,R,,2,,2,1.0,"Представлена конкретная практическая система безопасности на базе ИИ для обнаружения вторжений, подтверждённая научной публикацией и открытым кодом, наблюдается рост интереса к таким технологиям.",Practical AI Security,защита и безопасность систем искусственного интеллекта,Практическая система безопасности ИИ (Practical AI Security),"Научная публикация 2024 года описывает дизайн и реализацию учебного комплекта практической системы безопасности ИИ для обнаружения вторжений. Есть ссылка на открытый код проекта на GitHub 2023 года, отражающая начальную стадию разработки и растущий интерес к подобным решениям."
bgrp-64776ce65d,dev_fold_0,0,OVERVIEW,N-OFF,,1,,1,1.0,"Документы посвящены взаимодействию человека и ИИ, объяснимому ИИ и черным-box моделям, а не индустриальному ИИ на производстве.",Evaluating Human-AI Collaboration,индустриальный искусственный интеллект на производстве,,
bgrp-65f1d23e0d,dev_fold_1,0,NOISE,N-NOI,,2,,1,1.0,"Источники — репозитории на GitHub без подтверждений внедрения или подробностей технологии, что указывает на шумовой характер информации.",XTRAGES smartpension,перспективные решения в финтехе,XTRAGES smartpension — платформа цифрового пенсионного обеспечения,"Проект smartpension на GitHub упоминается вместе с другими финансовыми проектами, дата последнего обновления — июнь 2025 года."
bgrp-65f6ebfde7,holdout,0,OVERVIEW,N-GEN,,4,,1,1.0,"Кандидат представляет обзор методов секвестрации углерода в бетоне, а не конкретную технологию на ранней стадии.",carbon sequestration methods,улавливание и хранение углерода,Методы секвестрации углерода (carbon sequestration methods),"Обзорные научные публикации 2023–2024 годов рассматривают методы секвестрации углерода в бетонных материалах, охватывая составы, методики и развитие технологий."
bgrp-66eb9b91a0,dev_fold_0,0,OFF_TOPIC,N-OFF,,2,,1,1.0,"Кандидат посвящён созданию и использованию ИИ-агентов, но не затрагивает тему защиты и безопасности систем ИИ.",создаём ИИ-агента,защита и безопасность систем искусственного интеллекта,ИИ-агент,"Разработка и применение ИИ-агентов для различных задач, включая технические писатели и фриланс-платформы. Описания прототипов и первых применений."
bgrp-6c285d6409,dev_fold_4,0,GENERIC_CONCEPT,R,,2,,2,1.0,"Документы подтверждают исследования автономной навигации дронов для доставки последней мили, опубликованы научные статьи с конкретикой и подтверждением на независимых площадках.",autonomous drone navigation,беспилотная доставка последней мили,автономная навигация дронов (autonomous drone navigation),"Технология автономного управления дронами для доставки последней мили находится на стадии исследований и прототипирования. Есть публикации начиная с 2023 года, рассматривается маршрутизация, принятие траекторий в городских условиях и влияние ветра."
bgrp-6cb37217f9,dev_fold_1,0,MATURE,R,,1,,2,1.0,"Технология гибкой электроники с использованием полимерных композитных пленок и проводящих чернил для антенн и защиты от ЭМИ соответствует запросу, находится на ранней стадии исследований, подтверждается научными публикациями.",High-Performance EMI Shielding,гибкая и печатная электроника,Гибкая антенна с широким диапазоном частот на основе полимерного композита PMMA/PVDF-HFP/PZT и серебряной проводящей краски (Wideband flexible antenna with PMMA/PVDF-HFP/PZT polymer composite film and,Исследуется гибкая широкополосная антенна на полимерной композитной пленке с серебряной проводящей краской для носимых устройств. Научные публикации по теме датируются 2024–2025 годами.
bgrp-6d128033ec,dev_fold_4,1,WEAK_SIGNAL_RELEVANT,R,,2,,2,1.0,"Кандидат соответствует всем критериям: тема edge-вычислений и инференса, конкретные исследования на Raspberry Pi 4, научные публикации и прототипы, ранние стадии развития.",Benchmarking Lightweight AI-Agent,edge-вычисления и периферийный инференс,Lightweight AI-Agent Frameworks на Raspberry Pi 4,"Исследования лёгких фреймворков ИИ для периферийных устройств на примере Raspberry Pi 4. Оцениваются накладные расходы, возможность автономного функционирования и плотность сети агентов. Источники — научные публикации 2023–2026 годов."
bgrp-6e241b6858,dev_fold_4,0,MATURE,R,,2,,2,1.0,"Соответствует всем критериям: мобильные edge-вычисления, конкретные патенты по безопасности сервисов, независимые источники (патенты), ранние стадии внедрения технологий.",mobile edge computing,edge-вычисления и периферийный инференс,Безопасность мобильных edge-вычислительных сервисов,Патентные разработки по обеспечению безопасности сервисов мобильных edge-вычислений через анализ API и создание защищённых соединений. Даты патентов — 2023–2024 годы.
bgrp-6e657bf18c,dev_fold_0,0,NOISE,R,,1,,2,1.0,"Представлена конкретная технология 'Certification by Circulation' для обеспечения безопасности операционных систем в эпоху ИИ-агентов. Есть научные публикации и препринты, подтверждающие концепцию и исследования.",Certification by Circulation,защита и безопасность систем искусственного интеллекта,Certification by Circulation,"Технология сертификации через циркуляцию (Certification by Circulation) для повышения безопасности операционных систем в условиях распространения ИИ-агентов. Исследования начались не ранее 2026 года, имеются научные публикации и препринты."
bgrp-6f1844fb1b,holdout,1,WEAK_SIGNAL_RELEVANT,R,,2,,2,1.0,"Технология cVEP-Based BCI соответствует всем критериям: связана с интерфейсом мозг-компьютер, конкретна, находится на ранней стадии разработки, подтверждается научными публикациями.",cVEP-Based BCI,интерфейсы мозг-компьютер,Интерфейс мозг-компьютер на основе cVEP (cVEP-Based BCI),"Исследуется интерфейс мозг-компьютер на основе cVEP с использованием мультимодальной интеграции магнитоэнцефалографии и фотоакустической визуализации. Разрабатываются методы калибрационно-бесплатной декодировки сигналов мозга и аутентификации транзакций. Работы ведутся с 2024 года, опубликованы научные статьи."
bgrp-6f647fb6b0,dev_fold_1,1,WEAK_SIGNAL_RELEVANT,R,,1,,1,1.0,"Технология конкретно описана, относится к гибкой и печатной электронике, подтверждена научной публикацией 2025 года, находится на стадии разработки.",flexible electronics,гибкая и печатная электроника,Экологичная растягиваемая печатная электроника на основе устойчивого эластичного субстрата и чернил (Eco-friendly Flexible and Stretchable Printed Electronics),Разрабатываются экологически чистые растягиваемые печатные электронные устройства на основе устойчивого эластичного субстрата и графеновых чернил. Исследования ведутся в области экранной печати электродов из графеновых чернил для гибкой электроники.
bgrp-7295bee77d,dev_fold_0,0,OVERVIEW,N-OVR,,4,,2,1.0,"Кандидат представляет обзоры и перспективы развития водородной энергетики, а не конкретные технологии зелёного водорода для промышленности.",hydrogen energy development,зелёный водород для промышленности,водородная энергетика,"Обзорные научные публикации о развитии водородной энергетики в мире, России и Казахстане, рассматривающие общие тенденции и перспективы до сентября 2024 года."
bgrp-72c55e7144,dev_fold_4,0,OFF_TOPIC,N-OFF,,4,,3,1.0,"Кандидат посвящён большим языковым моделям и их применению в автономном вождении, но не касается беспилотной доставки последней мили.",Large Language Models,беспилотная доставка последней мили,большие языковые модели (Large Language Models),"Большие языковые модели широко применяются в различных задачах, включая автономное вождение. Технологии развиты, публикации регулярны, наблюдается быстрый рост интереса и внедрения."
bgrp-72e88f8c70,dev_fold_4,0,OVERVIEW,N-OVR,,4,,2,1.0,"Документы содержат обзоры и перспективы цифрового рубля и смарт-контрактов, но не описывают конкретные программные механизмы или технологию 'программируемых денег', находятся на поздней стадии внедрения.",ЦИФРОВЫЕ ФИНАНСОВЫЕ ИНСТРУМЕНТЫ,цифровой рубль и программируемые деньги,Цифровой рубль и цифровые финансовые инструменты,"Рассматриваются цифровой рубль, классификация цифровых финансовых инструментов, использование смарт-контрактов и эквайринга в малом и среднем бизнесе, риски массового внедрения. Источники научные публикации 2024–2026 годов."
bgrp-73e93b2f46,dev_fold_2,0,GENERIC_CONCEPT,N-GEN,,2,,2,1.0,"Документы содержат общие рассуждения о цифровых технологиях и цифровизации энергетики, конкретные цифровые двойники не выделены.",digital technologies,цифровые двойники в энергетике,Цифровые технологии в энергетике,"Научные публикации 2023–2025 годов рассматривают цифровизацию сектора энергии, моделирование в цифровых двойниках, управление городскими ресурсами и энергоэффективность в умных городах."
bgrp-743b32204e,dev_fold_0,0,OVERVIEW,N-OFF,,4,,1,1.0,"Документы касаются общей темы развития искусственного интеллекта, стратегий и социально-экономических эффектов, а не инфраструктуры ИИ или дата-центров.",artificial intelligence development,инфраструктура для искусственного интеллекта и дата-центры,развитие искусственного интеллекта,"Научные публикации 2024–2025 годов рассматривают развитие искусственного интеллекта в России, стратегии, тенденции и влияние на экономику и образование."
bgrp-760df3fa2d,dev_fold_0,1,WEAK_SIGNAL_RELEVANT,U,,2,,1,0.7,"Документы указывают на разработку инструмента Repello-AI whistleblower, связанного с безопасностью ИИ, однако все источники — репозитории на GitHub без подтверждений внедрения или научных публикаций.",Repello-AI whistleblower,защита и безопасность систем искусственного интеллекта,Repello-AI whistleblower,"Инструмент Repello-AI whistleblower, предположительно предназначенный для обнаружения уязвимостей или нарушений в системах ИИ. Разработка ведётся с 2024 года, известны только репозитории на GitHub."
bgrp-77dfaad589,dev_fold_0,1,WEAK_SIGNAL_RELEVANT,U,,2,,1,0.7,"Упоминается система OctoGuard для безопасности и надзора, но все источники — репозитории на GitHub без подтверждений внедрения или независимых публикаций.",OctoGuard--Free-OpenClaw-Security-Supervision-System,защита и безопасность систем искусственного интеллекта,OctoGuard--Free-OpenClaw-Security-Supervision-System,"Система OctoGuard для обеспечения безопасности и надзора в ИИ-системах. Разработка велась с февраля по март 2026 года, известны только репозитории на GitHub."
bgrp-789403f054,dev_fold_0,0,NOISE,N-NOI,,1,,1,1.0,"Кандидат состоит из ссылок на GitHub без подтверждений и подробностей технологий, что указывает на отсутствие конкретики и проверяемых сведений.",Project---Applied-Industrial-AI-for-Manufacturing,индустриальный искусственный интеллект на производстве,Индустриальный ИИ для производства,"Сбор личных и учебных проектов на GitHub без информации о стадиях разработки, внедрения или независимых подтверждений."
bgrp-79a5328da7,dev_fold_0,0,GENERIC_CONCEPT,N-GEN,,4,,2,1.0,Кандидат представляет собой обобщённое понятие 'Industrial AI' без детализации конкретных технологий или методов.,Industrial AI,индустриальный искусственный интеллект на производстве,Промышленный искусственный интеллект (Industrial AI),"Обобщённый термин, охватывающий применение искусственного интеллекта в промышленности. Упоминается в научных публикациях и препринтах, рассматривающих текущее состояние и распространение индустриального ИИ."
bgrp-79ab29e01c,holdout,0,NOISE,N-OFF,,1,,1,1.0,"Кандидат касается технологий охлаждения реакторов и торпед с ядерной установкой, но не малых модульных ядерных реакторов.",свинцово-висмутового жидкометаллического теплоносителя,малые модульные ядерные реакторы,свинцово-висмутовый жидкометаллический теплоноситель,Технология свинцово-висмутового жидкометаллического теплоносителя для реакторных установок повышенной безопасности с активной зоной на быстрых нейтронах. Упоминается в патентах с 2023 года.
bgrp-7bec2db951,dev_fold_2,0,NOISE,N-OFF,,1,,1,1.0,"Документы касаются пост-человеческих биотехнологий и оптимизации сложных систем, не связанных с робототехникой и физическим искусственным интеллектом.",Post-Human Biotechnologies Toward,робототехника и физический искусственный интеллект,Пост-человеческие биотехнологии,
bgrp-7ccb4079ee,dev_fold_1,0,NOISE,N-NOI,,2,,1,1.0,"Источник — репозиторий на GitHub без подтверждений внедрения или подробностей технологии, что указывает на шумовой характер информации.",QBitFlow qbitflow-evm-contracts,перспективные решения в финтехе,qbitflow-evm-contracts — смарт-контракты для цифровой финансовой экосистемы,"Репозиторий qbitflow-evm-contracts на GitHub упомянут вместе с проектом Triumph-Synergy-Digital-Financial-Ecosystem, последний апдейт — январь 2026 года."
bgrp-7d8fd209d1,dev_fold_1,0,GENERIC_CONCEPT,N-OVR,,1,,2,1.0,"Документы представляют собой обзоры и аналитические рамки развития Web3-технологий, а не конкретные перспективные решения в финтехе.",Web3 The Next,перспективные решения в финтехе,Обзор и аналитическая рамка развития Web3,"Научные публикации об эволюции Web3 и анализе социальных медиа в Web3-среде, даты — март 2023 и сентябрь 2024 года."
bgrp-7dee8a2f6b,dev_fold_3,1,WEAK_SIGNAL_RELEVANT,N-GEN,,1,,1,1.0,"Технология связана с дифракционной оптикой и изображениями, а не конкретно с фотонными вычислениями, поэтому не соответствует запросу.",Wavelength-Multiplexed Diffractive Optical,фотонные вычисления,Многоволновые дифракционные оптические процессоры (Wavelength-Multiplexed Diffractive Optical),
bgrp-7e277d223d,holdout,0,NOISE,R,,1,,1,1.0,"Технология мембран для улавливания и хранения углерода подтверждена научным источником, находится на ранней стадии исследований, соответствует запросу.",Membranes for Carbon,улавливание и хранение углерода,Мембраны для улавливания и хранения углерода (Mixed Matrix Membranes for Carbon Capture and Sequestration),"Исследуются мембранные материалы на основе бактериальной, регенерированной и карбонизированной целлюлозы для эффективного улавливания и хранения углерода. Научное исследование опубликовано в 2023 году."
bgrp-7fc6e6a377,dev_fold_4,0,OVERVIEW,N-GEN,,4,,2,1.0,"Кандидат охватывает биоразлагаемые полимерные материалы, но не фокусируется конкретно на синтетической биологии, а рассматривает общие направления био- и микробных полимеров.",Biodegradable Polymeric Materials,синтетическая биология в производстве материалов,Биоразлагаемые полимерные материалы,"Обзор научных публикаций о биоразлагаемых полимерах растительного и микробиологического происхождения, стандартах и применении в экономике замкнутого цикла. Технологии находятся на стадии массового внедрения."
bgrp-80d4b7b40d,dev_fold_3,0,OVERVIEW,R,,1,,2,1.0,"Кандидат соответствует всем критериям: тема нейроморфных процессоров, конкретные разработки, научные публикации подтверждают раннюю стадию исследований.",Intelligence Neuromorphic Chips,нейроморфные процессоры,Интеллектуальные нейроморфные чипы (Intelligence Neuromorphic Chips),"Исследования интеллектуальных нейроморфных чипов включают электромагнитные аспекты, переобучаемые биосенсоры для обучения и классификации на чипе, масштабируемое нейроморфное вычисление. Публикации 2023–2025 годов указывают на начальную стадию разработок."
bgrp-816fd2bf17,dev_fold_1,1,WEAK_SIGNAL_RELEVANT,R,,1,,2,1.0,"Документы подтверждают исследования гибкой и печатной электроники, конкретно — разработку проводящих чернил и полимерных электролитов для суперконденсаторов и анодов, что соответствует признакам раннего этапа и наличия научных публикаций.",Ionic Conduction,гибкая и печатная электроника,Проводящие чернила и полимерные электролиты для гибких печатных микро-суперконденсаторов,Исследования по созданию гибридных ионно-электронных проводящих пленок и составов проводящих чернил на основе SnO2/rGO наноструктур для высокооборотистых гибких печатных микро-суперконденсаторов и электродов. Публикации 2023–2024 годов указывают на исследовательский этап.
bgrp-8510164080,dev_fold_1,0,MATURE,N-GEN,,4,,1,1.0,Общее понятие 'Cloud Native Applications' без конкретизации технологий или методов.,Cloud Native Applications,облачные вычисления,Cloud Native Applications,Научные публикации 2023 года рассматривают архитектуру и управление облачно-родными приложениями как общую концепцию.
bgrp-8536b156cb,dev_fold_0,0,OVERVIEW,N-OVR,,4,,2,1.0,"Кандидат представляет обзоры и исследования влияния управленческих факторов на трансформацию производства с помощью индустриального ИИ, но не описывает конкретные технологии или методы.",industrial AI transformation,индустриальный искусственный интеллект на производстве,Трансформация промышленного производства с помощью ИИ (Industrial AI Transformation),Исследования влияния финансового бэкграунда руководителей и технологических специалистов на внедрение индустриального ИИ в производственных компаниях. Источники — научные публикации 2023–2025 годов.
bgrp-85bc1cc614,dev_fold_4,0,OFF_TOPIC,R,,2,,2,1.0,"Технология защиты периметра edge-сетей (SEPP) удовлетворяет всем условиям: конкретное решение, патенты независимых источников, ранние стадии внедрения, развитие в 2023–2024 годах.",protection proxy SEPP,edge-вычисления и периферийный инференс,Security Edge Protection Proxy (SEPP),"Патентованные методы и системы динамической конфигурации, обнаружения и выбора Security Edge Protection Proxy для защиты 5G роуминга. Патенты зарегистрированы в 2023–2024 годах."
bgrp-86f04d5424,dev_fold_1,0,OFF_TOPIC,N-OFF,,1,,1,1.0,"Документы касаются влияния языковых моделей на пользователей и токсичности в ChatGPT, но не затрагивают малые языковые модели на мобильных устройствах.",AI Judgment Patterns,малые языковые модели на мобильных устройствах,Не применимо,Не применимо
bgrp-8951ff0829,dev_fold_1,0,OFF_TOPIC,N-OVR,,4,,2,1.0,"Кандидат представляет обзоры взаимосвязей между криптовалютами, NFT и DeFi, инвестиционными стратегиями, но не описывает конкретные перспективные решения в финтехе.",interlinkages between cryptocurrencies,перспективные решения в финтехе,"Обзоры взаимосвязей криптовалют, NFT и DeFi","Ряд научных публикаций за 2023–2024 гг., рассматривающих взаимосвязи между криптовалютами, NFT, DeFi и традиционными активами, а также стратегии портфельных инвестиций. Тема актуальна, но представлена обобщённо."
bgrp-899b39f756,dev_fold_0,1,WEAK_SIGNAL_RELEVANT,N-NOI,,1,,1,1.0,"Документы представляют собой ссылки на GitHub-репозитории без подтверждений и подробностей, что указывает на шум.",MCP-Penetration-testing,защита и безопасность систем искусственного интеллекта,Тестирование проникновения MCP,"Различные GitHub-проекты, посвящённые тестированию проникновения в системы искусственного интеллекта. Даты публикаций: сентябрь-декабрь 2025 – август 2026."
bgrp-89cef6215f,dev_fold_4,0,NOISE,N-NOI,,1,,1,1.0,"Не соответствует запросу: кандидат представляет собой кодовые репозитории на GitHub без привязки к edge-вычислениям или инференсу, отсутствует подтверждение технологии.",ToolsHive Intrudex,edge-вычисления и периферийный инференс,,
bgrp-89efb869d3,dev_fold_0,0,OFF_TOPIC,N-OFF,,4,,1,1.0,"Кандидат посвящён созданию ИИ-агентов и инструментов для технических писателей, промпт-инжинирингу и другим аспектам разработки приложений ИИ, но не касается инфраструктуры для ИИ и дата-центров.",создаём ИИ-агента,инфраструктура для искусственного интеллекта и дата-центры,разработка ИИ-агентов и инструментов (создание универсального ИИ-инструмента),"Серия публикаций на habr.com от 2026 года рассматривает создание ИИ-агентов, инструменты для технических писателей, промпт-инжиниринг и методы ограничения доступа к документам в системах ИИ."
bgrp-8a283d743f,dev_fold_4,0,OFF_TOPIC,R,,1,,2,1.0,"Документы содержат конкретные патенты на применение CRISPR/Cas9 в генной терапии, опубликованы недавно и относятся к исследованиям и разработке технологий.",내로 CRISPR Cas9의,генная терапия на основе CRISPR,Генная терапия на основе CRISPR/Cas9,Технология генной терапии с использованием системы CRISPR/Cas9 находится на стадии исследований и разработки новых методов лечения и модификации генома. Имеются патенты с 2023 по 2025 год.
bgrp-8b02725e4a,dev_fold_2,0,OVERVIEW,R,,2,,2,1.0,"Представлены конкретные направления исследований в области интеллектуальной мягкой робототехники, биоинспирированных решений и мультидатчиков на основе MEMS, подтверждённые научными публикациями. Тема развивается с 2023 года, наблюдается рост интереса.",Intelligent Soft Robotics,робототехника и физический искусственный интеллект,Интеллектуальная мягкая робототехника (Intelligent Soft Robotics),
bgrp-8b9af9cb9b,dev_fold_0,0,NOISE,N-OFF,,1,,1,1.0,"Технология связана с голосовыми AI-консультантами, а не с индустриальным искусственным интеллектом на производстве.",voice-ai-consultant,индустриальный искусственный интеллект на производстве,Голосовой AI-консультант (voice-ai-consultant),"Голосовой AI-консультант — проект с открытым кодом на GitHub, предположительно находится на стадии исследования или разработки."
bgrp-9139a3146a,dev_fold_3,0,OFF_TOPIC,N-OFF,,2,,2,1.0,"Вариационное квантовое вычисление связано с оптимизационными алгоритмами, но не относится к постквантовой криптографии.",Variational Quantum Computing,постквантовая криптография,Вариационные квантовые вычисления,"Подход к решению задач оптимизации с помощью квантовых компьютеров через вариационный принцип. Исследования начались с 2023 года, наблюдается регулярный рост публикаций."
bgrp-91e8e77b74,holdout,1,WEAK_SIGNAL_RELEVANT,R,,1,,2,1.0,"Технология конкретно связана с запросом, представлена исследованиями ранних стадий, подтверждается научными публикациями, наблюдается рост интереса.",Carbon Dioxide Capture,улавливание и хранение углерода,Улавливание углекислого газа из воздуха с использованием заряженных сорбентов и электрохимических методов (Carbon Dioxide Capture),Исследования по улавливанию углекислого газа из воздуха с применением заряженных сорбентов и электрохимических методов описаны в научных публикациях 2023–2024 годов. Технология находится на стадии исследований и демонстрирует растущий научный интерес.
bgrp-922fc16b00,dev_fold_1,1,WEAK_SIGNAL_RELEVANT,R,,2,,2,1.0,"Технология трибоэлектрического генератора на основе графеновой пасты с самовосстановлением для электронных тканей соответствует запросу, находится на ранней стадии разработки, подтверждается научными публикациями.",triboelectric nanogenerator based,гибкая и печатная электроника,Графеновая паста с самовосстановлением для трибоэлектрических покрытий электронных тканей (triboelectric e-textiles),Разрабатывается графеновая витримерная паста с самовосстановлением для создания простых трибоэлектрических покрытий электронных тканей. Научные публикации подтверждают исследования и создание прототипов в 2024–2025 годах.
bgrp-9301e5b7f2,holdout,1,WEAK_SIGNAL_RELEVANT,R,,1,,1,1.0,"Патенты описывают конкретно настраиваемые наномасштабные реconfigurable метаповерхности с двойной структурой материалов и оксидами, технология находится на стадии разработки (патенты 2023 года).",NANOSCALE-RECONFIGURABLE METASURFACES,метаматериалы и метаповерхности,Настраиваемые наномасштабные метаповерхности с двойной структурой материалов,"Технология настраиваемых наномасштабных метаповерхностей разрабатывается с использованием двойной структуры материалов и коррелированных оксидов, патенты опубликованы в 2023 году."
bgrp-95f0fcad2c,dev_fold_1,0,NOISE,N-NOI,,1,,2,1.0,"Документы представляют собой коллекцию GitHub-проектов без подтверждений и подробностей реализации, что указывает на отсутствие верифицируемости.",solana-smart-payments,перспективные решения в финтехе,Solana-based smart payments (умные платежи на базе Solana),"Коллекция проектов умных платежей на блокчейне Solana, представленных в виде GitHub-репозиториев без подробного описания технологий и подтверждений внедрения."
bgrp-962cb43279,dev_fold_2,0,OVERVIEW,N-OVR,,4,,3,1.0,"Документы обобщают тенденции цифровизации предприятий электроэнергетики, не выделяют конкретные цифровые двойники.",ЦИФРОВИЗАЦИЯ ПРЕДПРИЯТИЙ ЭЛЕКТРОЭНЕРГЕТИЧЕСКОГО,цифровые двойники в энергетике,Цифровизация предприятий электроэнергетического комплекса,"Серия научных публикаций 2023–2025 годов рассматривает цифровизацию предприятий электроэнергетики и нефтегазовой отрасли, мегатренды стратегического развития и инструменты повышения конкурентоспособности."
bgrp-97404a2790,dev_fold_4,0,NOISE,N-OFF,,1,,1,1.0,"Документы относятся к проектам на GitHub, посвящённым дизайну корпоративных систем и лабораторным исследованиям AI, но не касаются конкретно edge-вычислений или периферийного инференса.",DrHazemAli enterprise-system-design,edge-вычисления и периферийный инференс,,
bgrp-99ad3edd99,dev_fold_3,0,OVERVIEW,R,,2,,2,1.0,"Кандидат включает конкретные научные публикации о роботизированных системах для точного земледелия, таких как системы обнаружения сорняков и фруктов, с подтверждённой ранней стадией разработки.",agricultural robot system,агророботы и точное земледелие,Роботизированная система обнаружения ананасов на основе YOLOv7-tiny для точного земледелия,"Система предназначена для автоматического обнаружения ананасов в сельском хозяйстве, основана на лёгкой версии алгоритма YOLOv7-tiny. Научная публикация опубликована в 2025 году."
bgrp-9a30152b77,dev_fold_4,0,OFF_TOPIC,N-OFF,,4,,1,1.0,"Документы посвящены микропластикам и правовому регулированию водных объектов в России, не связаны с синтетической биологией и производством материалов.",Microplastics in Russia,синтетическая биология в производстве материалов,Микропластики в России,Научные публикации и конференция о микропластиках и мерах защиты водных ресурсов в России. Тема не связана с синтетической биологией и материалами.
bgrp-9b67db9965,dev_fold_1,0,GENERIC_CONCEPT,N-OFF,,1,,2,1.0,"Тема связана с компьютерным зрением в сельском хозяйстве, но не касается вертикальных ферм или специфичных агротехнологий.",Vision-Based Farming Applications,вертикальные фермы и агротехнологии,Применение компьютерного зрения в сельском хозяйстве,Научные публикации 2024 года рассматривают использование компьютерного зрения для мониторинга сельскохозяйственных культур и точности в животноводстве.
bgrp-9c2b24733c,dev_fold_1,1,WEAK_SIGNAL_RELEVANT,N-OFF,,2,,2,1.0,"Дополнимые органические полупроводники не относятся напрямую к гибкой и печатной электронике, хотя и связаны с материалами электроники.",Doped Organic Semiconductors,гибкая и печатная электроника,Фотокаталитически допируемые органические полупроводники,Исследуются методы фотокаталитического легирования органических полупроводников для применения в транзисторах и термоэлектрике. Активные научные публикации с 2023 года показывают рост интереса к этой теме.
bgrp-9ccfc08508,dev_fold_1,0,MATURE,R,,2,,2,1.0,"Исследование поведения чернил струйной печати на подложках связано с технологиями гибкой и печатной электроники, подтверждаются научные публикации, наблюдается рост исследований в 2024–2025 годах.",Behavior of Inkjet-Printed,гибкая и печатная электроника,Поведение чернил струйной печати на узорчатых подложках (Wetting Behavior of Inkjet-Printed Electronic Inks),"Изучается поведение чернил струйной печати на различных подложках для гибкой электроники. Исследования активно публикуются с 2024 года, отмечается развитие методов и материалов."
bgrp-9eab697202,dev_fold_1,0,OVERVIEW,N-OVR,,1,,1,1.0,"Документы содержат обзоры технологий улучшения умных сетей, но не описывают конкретные инновационные методы или продукты на ранней стадии.",Enhancing smart grid,умные электросети и виртуальные электростанции,Улучшение умных электросетей (smart grids),
bgrp-9efd32108f,dev_fold_0,0,MATURE,N-OFF,,2,,1,1.0,"Технология связана с защитой индустриальных IoT-сетей, а не с индустриальным искусственным интеллектом на производстве.",1D-CNN-IDS,индустриальный искусственный интеллект на производстве,1D-CNN-IDS — система обнаружения вторжений на основе одномерных сверточных нейронных сетей для индустриального Интернета вещей,"1D-CNN-IDS — исследовательская технология для защиты индустриальных IoT-сетей от вторжений, основана на одномерных сверточных нейронных сетях. Исследования опубликованы в 2024–2026 годах."
bgrp-9f1c5ced83,dev_fold_4,0,NOISE,N-OFF,,1,,1,1.0,"Кандидат представляет собой сборку проектов на GitHub, связанных с хакатоном и безопасностью периметра, но не содержит информации о конкретных технологиях edge-вычислений или периферийного инференса.",edge-runners-hackathon,edge-вычисления и периферийный инференс,,
bgrp-9f4bb384b6,dev_fold_1,0,OVERVIEW,N-GEN,,4,,2,1.0,"Кандидат представляет общие исследования по смарт-контрактам в DeFi, без конкретизации технологий или решений.",DeFi Smart Contracts,перспективные решения в финтехе,Смарт-контракты в децентрализованных финансах (DeFi),"Область исследований по управлению и использованию смарт-контрактов в децентрализованных финансовых приложениях. Тема активно изучается научным сообществом, публикации регулярно появляются с 2023 года."
bgrp-9f53ee401f,dev_fold_0,0,OVERVIEW,N-OFF,,4,,2,1.0,"Кандидат посвящён искусственному интеллекту в здравоохранении, а не инфраструктуре ИИ и дата-центрам.",Intelligence in Healthcare,инфраструктура для искусственного интеллекта и дата-центры,Искусственный интеллект в здравоохранении,"Обзор научных публикаций о применении искусственного интеллекта в клинической практике и медицинских изображениях, а также цифровых двойниках в здоровье."
bgrp-9faf2408b8,dev_fold_1,1,WEAK_SIGNAL_RELEVANT,R,,2,,2,1.0,"Технология federated few-shot learning конкретно связана с малыми языковыми моделями на мобильных устройствах, подтверждена научными публикациями, находится на стадии исследования и внедрения.",Federated Few-Shot Learning,малые языковые модели на мобильных устройствах,Federated Few-Shot Learning (совместное малоразовое обучение),"Federated Few-Shot Learning — подход к обучению малых языковых моделей непосредственно на мобильных устройствах с использованием пользовательских лингвистических данных. Технология применяется для мониторинга психического здоровья через анализ пользовательского языка на смартфонах. Исследования ведутся с 2023 года, имеются научные публикации."
bgrp-a14bf1b39b,dev_fold_1,0,OVERVIEW,N-OFF,,1,,2,1.0,"Технология связана с машинным обучением и блокчейном, но не имеет отношения к финтеху.",Decentralized Federated Learning,перспективные решения в финтехе,Децентрализованное federated learning,"Исследования по децентрализованному federated learning ведутся с 2023 года, публикации затрагивают безопасность и приватность в системах на основе блокчейна."
bgrp-a286316093,dev_fold_3,1,WEAK_SIGNAL_RELEVANT,R,,1,,2,1.0,"Упомянут конкретный компонент нейроморфных процессоров — мемриконденсатор на основе ферроэлектрического конденсатора, научные публикации подтверждают концепцию и применение в спайковых нейроморфных системах.",Analog Memcapacitor,нейроморфные процессоры,аналоговый мемриконденсатор (Analog Memcapacitor),"Аналоговый мемриконденсатор на базе ферроэлектрического конденсатора предназначен для синаптических устройств и высокопроизводительных нейроморфных систем. Исследования ведутся с 2023 года, подтверждены двумя научными публикациями."
bgrp-a2a54dab78,dev_fold_2,1,WEAK_SIGNAL_RELEVANT,R,,2,,2,1.0,"Тема соответствует запросу, есть конкретные исследования и код, источники научные и верифицируемые, технология на ранней стадии разработки.",Perception for Autonomous,беспилотные грузовые автомобили,Dynamic Calibration and Articulated Perception for Autonomous Trucks (адаптивная калибровка и восприятие для автономных грузовиков),"Технология восприятия и калибровки для автономных грузовых автомобилей разрабатывается с 2024 года. Есть научные публикации и кодовые репозитории, отражающие развитие прототипа."
bgrp-a6e5bacba7,dev_fold_1,0,OVERVIEW,N-GEN,,4,,2,1.0,Понятие 'Cloud-Edge-IoT Continuum' охватывает широкий спектр технологий без конкретизации отдельных решений.,Cloud-Edge-IoT Continuum,облачные вычисления,Cloud-Edge-IoT Continuum,"Ряд научных публикаций 2023 года исследуют сервисы и федеративное планирование в облако-край-ИОТ континууме, отмечая рост интереса к теме."
bgrp-a7ea4f7665,dev_fold_0,0,OFF_TOPIC,N-OVR,,4,,2,1.0,"Кандидат представляет обзоры и исследования влияния ИИ в кибербезопасности, но не описывает конкретные методы защиты систем ИИ.",Intelligence in Cybersecurity,защита и безопасность систем искусственного интеллекта,Искусственный интеллект в кибербезопасности,"Исследования и предпринты о применении искусственного интеллекта в кибербезопасности, охватывающие обнаружение атак, влияние на рынок труда и управление рисками агентного ИИ. Даты публикаций: декабрь 2024 – май 2026."
bgrp-a9224dee50,holdout,1,WEAK_SIGNAL_RELEVANT,R,,2,,3,1.0,"Документы содержат конкретные научные публикации о метаповерхностях для терагерцового диапазона, описаны программируемые и многослойные конструкции, публикации регулярно обновляются с 2023 по 2026 год.",metasurface for terahertz,метаматериалы и метаповерхности,Реализуемая в реальном времени программируемая метаповерхность для многофункционального формирования фронта волны в терагерцовом диапазоне,"Исследования метаповерхностей для терагерцового диапазона активно ведутся с 2023 года, публикации показывают быстрый рост интереса и разработку новых архитектур вплоть до 2026 года."
bgrp-a92b208b7d,dev_fold_3,0,OVERVIEW,N-GEN,,1,,1,1.0,"Кандидат посвящён аппаратным ускорителям глубокого обучения, а не конкретно фотонным вычислениям, хотя упоминается фотонная конвергенция.",Deep Learning Hardware,фотонные вычисления,Аппаратное обеспечение для глубокого обучения (Deep Learning Hardware),
bgrp-ac74dc8a33,dev_fold_3,0,NOISE,N-OVR,,4,,1,1.0,"Кандидат представляет обзоры и исследования применений нейроморфных систем, но не описывает конкретные устройства или технологии ранних стадий.",Применения нейроморфных систем,нейроморфные процессоры,применения нейроморфных систем,"Обзорные научные публикации рассматривают общие направления и применения нейроморфных систем, включая использование в дата-центрах и юриспруденции. Нет информации о конкретных устройствах или стадиях разработки."
bgrp-aceb63cd16,holdout,1,WEAK_SIGNAL_RELEVANT,R,,1,,1,1.0,"Документы содержат конкретные исследования маломощных модульных ториевых жидкосолевых реакторов, использующих ускоритель электронов, с подтверждением из научных публикаций.",thorium fueled molten,малые модульные ядерные реакторы,Ториевый жидкосолевой микромодульный подкритический ядерный реактор с использованием электронного ускорителя,"Исследуется концепция микромодульного ядерного реактора на расплавленных солях с торием и применением электронного ускорителя. Работы ведутся с 2023 года, опубликованы научные статьи."
bgrp-b07e5e6314,dev_fold_4,0,NOISE,R,,2,,2,1.0,"Кандидат включает конкретные технологии и методы для оптимизации и защиты edge-моделей ИИ, подтверждённые научными публикациями 2026 года, находится на стадии прототипа и демонстрирует растущий интерес.",Edge-Authoritative OT Enforcement,edge-вычисления и периферийный инференс,Edge-Authoritative OT Enforcement,"Технология Edge-Authoritative OT Enforcement предназначена для обеспечения авторитарной защиты и оценки инъекций подсказок в локальных edge-средствах на основе больших языковых моделей. Включает подходы дистилляции и оптимизации трафика для cost-aware инференса. Представлена серией научных работ 2026 года, находящихся на стадии дизайна и proof-of-concept."
bgrp-b09841a9db,holdout,1,WEAK_SIGNAL_RELEVANT,R,,2,,2,1.0,"Конкретная технология — адаптивно программируемая перестраиваемая метаповерхность для беспроводной связи, исследования опубликованы в научных изданиях, стадия прототипа, наблюдается растущий интерес.",reconfigurable metasurface system,метаматериалы и метаповерхности,Перестраиваемая метаповерхность (Reconfigurable Metasurface),"Адаптивно программируемые перестраиваемые метаповерхности используются для интеллектуальных беспроводных коммуникаций в сложных средах. Исследования начались с 2023 года, активно публикуются научные статьи, описаны системы с пространственно-временным кодированием и управление жестами."
bgrp-b0ad826018,dev_fold_1,0,NOISE,N-OFF,,1,,1,1.0,"Документы относятся к строительным ai-агентам, не имеют отношения к финтеху.",MetaMind-Aychain AI-NEXUS,перспективные решения в финтехе,MetaMind-Aychain AI-NEXUS,"Платформа MetaMind-Aychain AI-NEXUS связана с ai-агентами для строительства, упоминается в github-хранилищах разработчиков."
bgrp-b418e8e16f,dev_fold_4,1,WEAK_SIGNAL_RELEVANT,N-OFF,,4,,1,1.0,"Кандидат касается проблемы временных и частотных перегрузок в лидарах и методов её преодоления, но не связан конкретно с твердотельными лидарами, поэтому не подходит под запрос.",congestion of LiDAR,твердотельные лидары,Преодоление временной и частотной перегрузки лидаров параллельной хаотизацией сигналов (Breaking the temporal and frequency congestion of LiDAR by parallel chaos),Исследуются методы снижения перегрузки лидаров путём использования параллельной хаотизации сигналов и перовскитных сенсоров временного домена. Публикации относятся к периоду 2023–2025 годов.
bgrp-b51a3f6024,holdout,0,GENERIC_CONCEPT,N-OFF,,4,,1,1.0,"Кандидат касается контроля и заправки ядерных реакторов, но не малых модульных ядерных реакторов конкретно, и не соответствует запросу.",NUCLEAR REACTORS,малые модульные ядерные реакторы,Устройства для контроля и дозаправки ядерных реакторов,"Патенты касаются устройств для управления группой ядерных реакторов и технологий заправки реакторов, без привязки к малым модульным реакторам."
bgrp-b59f299bb0,dev_fold_1,0,MATURE,R,,1,,2,1.0,"Конкретное применение машинного обучения для прогнозирования криптовалют и инвестстратегий на Эфириуме, научные публикации подтверждают технологию на ранней стадии развития.",Machine learning Ethereum,перспективные решения в финтехе,прогнозирование криптовалют и инвестиционные стратегии на основе машинного обучения в сети Ethereum,"Технология использует ML-модели для оптимизации портфеля криптовалют и предсказания цен на Ethereum-блокчейне. Исследования появились начиная с 2023 года, наблюдается рост публикаций и интереса к применению ML в криптотрейдинге."
bgrp-b66c3dfc04,dev_fold_0,0,OVERVIEW,N-GEN,,4,,3,1.0,"Представлены научные публикации и препринты об искусственном интеллекте в широком смысле, включая защиту от deepfake и применение в энергетике, но отсутствует фокус на защите именно систем ИИ.",artificial intelligence technologies,защита и безопасность систем искусственного интеллекта,Технологии искусственного интеллекта,"Научные публикации и препринты о применении искусственного интеллекта в различных областях: защита от deepfake, квантоустойчивые решения, использование в интеллектуальных энергосистемах и социально-экономические аспекты внедрения. Даты публикаций: март 2023 – сентябрь 2026."
bgrp-b802395636,dev_fold_1,0,GENERIC_CONCEPT,R,,2,,2,1.0,"Документы содержат конкретные малые языковые модели для мобильных устройств, научные публикации и кодовые репозитории подтверждают раннюю стадию разработки.",Small Language Model,малые языковые модели на мобильных устройствах,"MobiLlama, TinyLlama (малые языковые модели)","MobiLlama и TinyLlama — это небольшие языковые модели, оптимизированные для мобильных устройств. Разрабатываются с 2024 года, представлены научные публикации и открытые кодовые репозитории."
bgrp-b8e942a031,dev_fold_4,0,NOISE,N-OFF,,1,,1,1.0,"Документы связаны с проектами на GitHub, посвящёнными honeypot-системам и базой данных HorneroDB, но не содержат информации о edge-вычислениях или периферийном инференсе.",lucahttp HorneroDB,edge-вычисления и периферийный инференс,,
bgrp-b8f969e315,dev_fold_2,0,OFF_TOPIC,N-OFF,,4,,1,1.0,"Документы касаются программных агентов ИИ и вопросов безопасности разработки, не связаны с робототехникой и физическим искусственным интеллектом.",ИИ агента почему,робототехника и физический искусственный интеллект,программные агенты ИИ,"Серия статей на habr.com о программных агентах ИИ, их использовании в разработке и вопросах безопасности внедрения."
bgrp-ba4388c240,dev_fold_2,0,GENERIC_CONCEPT,N-OVR,,4,,2,1.0,"Кандидат представляет обзоры и научные публикации о цифровых двойниках в целом и в энергетике, но не описывает конкретные технологии или продукты.",Digital twins,цифровые двойники в энергетике,Цифровые двойники в энергетике,"Обзорные научные публикации о применении цифровых двойников в различных отраслях, включая медицину и энергетику."
bgrp-bd13bc0245,dev_fold_0,1,WEAK_SIGNAL_RELEVANT,R,,2,,2,1.0,"Представлен конкретный фреймворк ai-safe2 для управления идентификацией и безопасностью агентов ИИ, с научным источником и кодом на GitHub, что соответствует признакам раннего сигнала.",CyberStrategyInstitute ai-safe2-framework,защита и безопасность систем искусственного интеллекта,Фреймворк ai-safe2 для управления идентификацией агентов ИИ,"Фреймворк ai-safe2 предназначен для авторизации, аутентификации и обеспечения безопасности агентов ИИ. Включает научный документ и открытый код на GitHub. Дата публикации научного источника — октябрь 2025 года."
bgrp-be0c52f908,holdout,1,WEAK_SIGNAL_RELEVANT,R,,3,,2,1.0,"Конкретная технология — электромеханический метаматериал EMetaNode для подавления вибрации и самовозбуждённого сенсинга, экспериментально реализован в 2023–2025 годах, публикации подтверждают раннюю стадию и развитие.",EMetaNode Electromechanical Metamaterial,метаматериалы и метаповерхности,Электромеханический метаматериал EMetaNode,"EMetaNode — электромеханический метаматериал для широкополосного подавления вибраций и автономного сенсорного мониторинга. Описан в научных публикациях начиная с 2023 года, экспериментальная реализация подтверждена в 2025 году."
bgrp-beb5501b2c,holdout,0,NOISE,N-OVR,,1,,1,1.0,"Представлен обзорный подход к использованию биопечати в герниопластике, конкретные технологии не описаны.",implantation in hernioendoprosthetics,биопечать тканей и органов,гибридная биопечать для регенерации пальцев,"Обзор возможных применений технологий биоинженерии и клеточных имплантатов в герниопластике. Есть ссылка на гибридную платформу для регенерации пальцев, но детали технологии не раскрыты."
bgrp-beb6e8d457,dev_fold_0,0,NOISE,N-OFF,,1,,1,1.0,"Технология связана с безопасностью SCADA-систем, а не с индустриальным искусственным интеллектом на производстве.",QID-NPI Edge-Native Cognitive,индустриальный искусственный интеллект на производстве,QID-NPI Edge-Native Cognitive Hypervisors для инъекций контекста в средах SCADA с нулевым доверием,"Концептуальная технология когнитивных гипервизоров для SCADA-сетей с нулевым доверием, представлена в виде препринтов на zenodo.org в мае 2026 года."
bgrp-bf7c7f18ee,dev_fold_3,0,OVERVIEW,R,,1,,2,1.0,"Конкретная технология многомерных фотонных вычислений, подтверждается научными публикациями начиная с 2023 года, наблюдается рост интереса.",multidimensional photonic computing,фотонные вычисления,Многомерные фотонные вычисления (Multidimensional Photonic Computing),"Исследования по многомерным фотонным вычислениям начались с 2023 года, публикации показывают развитие и рост интереса к технологии."
bgrp-c11945ae28,dev_fold_1,0,GENERIC_CONCEPT,N-OFF,,1,,1,1.0,"Источники рассматривают использование ИИ в цифровой трансформации предприятий, маркетинге и автономных транспортных средствах, не касаясь темы ИИ-агентов для разработки ПО.",Artificial Intelligence,ИИ-агенты для разработки программного обеспечения,,
bgrp-c1485cd78d,dev_fold_2,1,WEAK_SIGNAL_RELEVANT,N-OFF,,1,,2,1.0,"Кандидат посвящён общей квантовой метрологии, а не конкретно квантовым сенсорам для навигации.",Multiparameter quantum metrology,квантовые сенсоры для навигации,Многопараметрическая квантовая метрология (Multiparameter quantum metrology),"Область исследований квантовой метрологии, научные публикации 2023–2024 годов."
bgrp-c1c4ea653c,dev_fold_4,0,NOISE,N-NOI,,1,,1,1.0,"Документы представляют собой ссылки на GitHub-репозитории без подробного описания технологий, что указывает на отсутствие конкретики и верифицируемости.",edgeloom-oss edgeloom,edge-вычисления и периферийный инференс,Различные open-source проекты для edge-вычислений,"Ссылки на несколько GitHub-проектов, связанных с edge-вычислениями, без детализации стадий разработки или внедрения."
bgrp-c535890e05,dev_fold_0,0,GENERIC_CONCEPT,N-GEN,,4,,2,1.0,"Кандидат представляет общее понятие 'Industry 5', связанное с индустриальным искусственным интеллектом, но не описывает конкретную технологию.",Industry 5,индустриальный искусственный интеллект на производстве,Industry 5 (Промышленность 5.0),"Общее направление развития индустрии с акцентом на интеграцию ИИ и человека ('Human-in-the-Loop'), упоминается эволюция европейской промышленности. Источники научные публикации и препринты."
bgrp-c734f4c8bd,dev_fold_0,0,OFF_TOPIC,N-OFF,,1,,1,1.0,"Кандидат посвящён умному дому на базе ИИ, что не связано с инфраструктурой ИИ и дата-центрами.",AI_Powered_Smart_Home_System,инфраструктура для искусственного интеллекта и дата-центры,Система умного дома на базе ИИ (AI-Powered Smart Home System),Проект представляет собой систему умного дома с элементами искусственного интеллекта. Документация представлена в виде кода на GitHub.
bgrp-c85efd7518,dev_fold_2,1,WEAK_SIGNAL_RELEVANT,N-OFF,,1,,2,1.0,"Документы касаются лазерных диодов и оптических частотных гребёнок для квантового зондирования и атомных часов, но не квантовых сенсоров для навигации.",VCSELs for quantum,квантовые сенсоры для навигации,Полосковые лазеры с вертикальным резонатором (VCSEL) для квантовых приложений,Научные публикации 2023–2026 годов об использовании VCSEL и GaN-диодов в квантовом зондировании и точных измерениях.
bgrp-c87d35991e,dev_fold_1,0,OVERVIEW,N-MAT,,4,,3,1.0,"Рассматривается широкое применение GPT-4 в финансах, без детализации конкретной новой технологии, что указывает на зрелую стадию внедрения.",GPT-4 Technical Report,перспективные решения в финтехе,применение GPT-4 в финансовой сфере,"Обзор научных публикаций показывает активное использование GPT-4 и аналогичных LLM в анализе финансовых текстов, настроений рынка и автоматизации задач в финансах с 2023 года, технология уже широко применяется и развивается."
bgrp-c9b1ecfc80,dev_fold_1,1,WEAK_SIGNAL_RELEVANT,N-OFF,,2,,2,1.0,"3D-печатные устройства с встроенными платами не относятся непосредственно к гибкой и печатной электронике, хотя и пересекаются с методами производства электроники.",3D Printed Devices,гибкая и печатная электроника,3D-печать многофункциональных устройств с интегрированными платами (3D Printed Devices with Embedded PCBs),Разработан открытый недорогой 3D-принтер для многослойной печати мягких и живых материалов. Второе исследование посвящено интеграции печатных плат в 3D-печатные устройства. Оба подхода находятся на стадии научных публикаций и прототипов (2024–2025).
bgrp-ca1db674c1,dev_fold_0,0,NOISE,R,,1,,1,1.0,"Документ описывает конкретные угрозы безопасности в системах ИИ, имеет научные публикации на zenodo.org, относится к ранней стадии исследований.",AI Phishing Risk,защита и безопасность систем искусственного интеллекта,Риск фишинга в ИИ-системах (AI Phishing Risk),"Исследования угроз безопасности в визуальных системах, созданных искусственным интеллектом, с акцентом на риски фишинга в образовательных облачных средах. Публикации появились в марте-апреле 2026 года."
bgrp-cb6bc0c781,dev_fold_1,0,NOISE,N-OFF,,1,,2,1.0,Тема молекулярных полупроводников не связана с гибкой и печатной электроникой.,molecular semiconductors,гибкая и печатная электроника,молекулярные полупроводники (molecular semiconductors),"Исследования молекулярных органических полупроводников с акцентом на симуляции и квантово-механические расчёты подвижности носителей заряда. Есть научные публикации и кодовые репозитории, преимущественно исследования (стадия 1), наблюдается рост интереса (тренд 2)."
bgrp-cbbc3685a4,dev_fold_4,1,WEAK_SIGNAL_RELEVANT,R,,1,,1,1.0,"Представлены конкретные технологии безопасности метавселенных на основе блокчейна и искусственный интеллект, подтверждены научными публикациями, находятся на ранних стадиях разработки.",Blockchain-aided Secure Semantic,NFT и метавселенная,Blockchain-aided Secure Semantic Communication (блокчейн-поддерживаемая безопасная семантическая коммуникация),"Технология безопасной коммуникации на базе блокчейна для контента, созданного искусственным интеллектом в метавселенных. Исследования опубликованы в 2023 году, стадия концепции или исследования."
bgrp-cc6010878c,dev_fold_4,1,WEAK_SIGNAL_RELEVANT,N-OFF,,4,,2,1.0,"Кандидат посвящён безопасности в Internet of Medical Things (IoMT), а не непосредственно edge-вычислениям или периферийному инференсу.",Security in IoMT,edge-вычисления и периферийный инференс,Безопасность в IoMT,"Научные публикации, рассматривающие безопасность в IoMT с использованием искусственного интеллекта, облачных, туманных и граничных архитектур. Тема находится на стадии активного исследования и внедрения."
bgrp-ccf253360d,dev_fold_1,0,MATURE,N-OFF,,4,,1,1.0,"Рекуррентные нейронные сети относятся к искусственному интеллекту, а не к облачным вычислениям.",Recurrent Neural Networks,облачные вычисления,Рекуррентные нейронные сети,"Научные публикации 2023-2024 годов рассматривают архитектуры и применение рекуррентных нейронных сетей, в том числе для прогнозирования трафика в облачных архитектурах автономных транспортных средств."
bgrp-cf1df6efda,dev_fold_3,0,OVERVIEW,N-OVR,,4,,1,1.0,"Представлены вводные материалы и обзоры по нейроморфным чипам, обсуждаются перспективы и подходы, но отсутствует информация о конкретных технологиях ранних стадий.",нейроморфным чипам введение,нейроморфные процессоры,нейроморфные чипы,"Научные публикации рассматривают общие аспекты нейроморфных чипов и подходов к решению задач с большими данными, начиная с введения в тему. Нет сведений о конкретных новых технологиях или стадиях разработок."
bgrp-cf9d3b1748,holdout,1,WEAK_SIGNAL_RELEVANT,R,,3,,2,1.0,"Представлены конкретные технические и экономические анализы интеграции малых модульных реакторов с технологиями захвата CO₂ и водородопроизводством, подтвержденные научными публикациями и предпринтами.",Modular Reactors SMRs,малые модульные ядерные реакторы,Интеграция малых модульных реакторов (SMRs) с технологиями прямого захвата углерода из воздуха и водородопроизводством,"Анализируются технико-экономические аспекты интеграции малых модульных реакторов с системами прямого захвата углекислого газа и водородопроизводства. Исследования начались с 2023 года, наблюдается рост публикаций и интереса к теме."
bgrp-d05728c9f0,holdout,0,OVERVIEW,N-OVR,,4,,2,1.0,"Кандидат представляет обзоры технологий улавливания и хранения углерода, без детализации конкретных методов или продуктов.",carbon capture,улавливание и хранение углерода,Улавливание и хранение углерода (Carbon Capture and Storage),"Обзорные научные публикации о технологиях улавливания и хранения углерода в различных отраслях, начиная с 2023 года."
bgrp-d25384bf53,dev_fold_0,0,OVERVIEW,N-GEN,,4,,2,1.0,"Кандидат охватывает общую концепцию 'водород-to-X' энергетических систем, не фокусируясь конкретно на зелёном водороде для промышленности.",hydrogen-to-X energy systems,зелёный водород для промышленности,водород-to-X энергетические системы,"Общий подход к использованию водорода в энергетике через различные преобразования (to-X). Исследования охватывают планирование, оптимизацию и интеграцию водородных систем в мультиэнергетические сети. Технологии находятся на стадии зрелого исследования и внедрения."
bgrp-d2951c0126,dev_fold_4,0,HYPE,N-OVR,,1,,2,1.0,"Кандидат касается барьеров и гипотез применения CRISPR-терапии при диабете 1 типа, но не представляет конкретную технологию или метод, а скорее обсуждает общие проблемы и подходы.",Type 1 Diabetes,генная терапия на основе CRISPR,Применение CRISPR-терапии при диабете 1 типа,Исследования посвящены общим барьерам и подходам к применению CRISPR-терапии для лечения диабета 1 типа. Включают научные публикации и препринты 2025–2026 годов.
bgrp-d72bb7d10e,dev_fold_1,0,OVERVIEW,N-OVR,,4,,2,1.0,"Кандидат представляет обзоры и прогнозы развития финтеха, не описывает конкретные перспективные технологии или продукты.",Prospects of Fintech,перспективные решения в финтехе,перспективы финтеха,"Научные публикации рассматривают общие тенденции и перспективы инноваций в финтех-секторе, без выделения конкретных новых решений или технологий."
bgrp-d8c8de6773,holdout,1,WEAK_SIGNAL_RELEVANT,R,,2,,2,1.0,"Конкретная технология — метаповерхность с ε-близко-к-нолю, исследуется для генерации запутанных состояний и переключений света, публикации показывают активную разработку и эксперименты с 2023 года.",epsilon-near-zero metasurface,метаматериалы и метаповерхности,Метаповерхность с ε-близко-к-нолю (Epsilon-Near-Zero Metasurface),"Метаповерхность с ε-близко-к-нолю применяется для генерации поляризационно-запутанных состояний и двухцветного оптического переключения. Активно изучалась с 2023 года, публикации демонстрируют лабораторные исследования и эксперименты."
bgrp-d8d8f40789,dev_fold_2,1,WEAK_SIGNAL_RELEVANT,R,,3,,2,1.0,"Представлен конкретный подход — квантовая магнитометрия на алмазе для навигации в условиях недоступности GPS, подтверждён результатами испытаний.",Quantum-assured magnetic navigation,квантовые сенсоры для навигации,Квантурная магнитометрическая навигация (Quantum-assured magnetic navigation),"Технология квантурной магнитометрии на основе алмаза для навигации в средах без доступа к GPS. Научные публикации 2023–2025 годов, проведены воздушные и наземные испытания, достигнута точность выше стратегических инерциальных навигационных систем."
bgrp-d90d98702c,dev_fold_0,0,NOISE,N-NOI,,1,,1,1.0,"Кандидат представляет собой коллекцию навыков и инструментов для багбаунти на GitHub, не связанную с защитой систем ИИ и не содержащую конкретных технологий или подтверждений.",0xN0RMXL BugBountySkills,защита и безопасность систем искусственного интеллекта,Не применимо,"Сборник навыков и инструментов для багбаунти, размещённый в открытых репозиториях на GitHub. Нет привязки к защите систем ИИ, отсутствует верификация и конкретика."
bgrp-db45a6c296,holdout,0,OFF_TOPIC,N-OFF,,2,,1,1.0,"Кандидат описывает модульные проточные микрофлюидные химические реакторы, работающие при высоких температуре и давлении, что не связано с темой малых модульных ядерных реакторов.",ПРОТОЧНЫЙ МИКРОФЛЮИДНЫЙ РЕАКТОР,малые модульные ядерные реакторы,Модульный проточный микрофлюидный химический реактор для реакций при высоких температуре и давлении,Патенты посвящены разработке модульных микрофлюидных химических реакторов для проведения реакций при экстремальных условиях температуры и давления. Разработка ведётся с 2023 года.
bgrp-dca96d5d6a,dev_fold_0,0,NOISE,N-GEN,,1,,1,1.0,"Белая книга посвящена общим аспектам внедрения ИИ-систем, не связана конкретно с безопасностью и защитой ИИ.",Implementing-AI-Systems-Whitepaper,защита и безопасность систем искусственного интеллекта,Не применимо,"Белая книга и инструменты по внедрению ИИ-систем общего характера, размещены на GitHub. Нет информации о конкретных технологиях защиты или безопасности ИИ."
bgrp-dd35fab0e5,dev_fold_1,0,OVERVIEW,N-OVR,,4,,2,1.0,"Кандидат представляет обзоры и научные публикации о трансформации корпоративного управления цифровыми активами, искусственном интеллекте и блокчейне второго поколения, но не описывает конкретные перспективные решения в финтехе.",ТРАНСФОРМАЦИЯ КОРПОРАТИВНОГО УПРАВЛЕНИЯ,перспективные решения в финтехе,Трансформация корпоративного управления цифровыми активами,"Обзор научных публикаций о влиянии цифровых активов, искусственного интеллекта и блокчейн-технологий второго поколения на корпоративное управление. Публикации датируются 2023–2025 годами."
bgrp-deb3b1f00f,dev_fold_4,1,WEAK_SIGNAL_RELEVANT,R,,2,,3,1.0,"Представлены конкретные методы оптимизации глубоких нейронных сетей для ресурсосберегающих edge-вычислений, подтверждённые научными публикациями и предварительными реализациями.",Sustainable Deep Learning,edge-вычисления и периферийный инференс,Frugal AI и TinyTrain — методы сжатия и энергоэффективного обучения моделей глубокого обучения для edge-сред,"Методы Frugal AI и TinyTrain предназначены для эффективного выполнения deep learning на устройствах с ограниченными ресурсами. Включают техники прунинга и смешанной точности квантования. Разрабатываются с 2023 года, находятся на стадии научных исследований и прототипирования."
bgrp-e112e8ebfb,dev_fold_2,0,OFF_TOPIC,N-OFF,,1,,2,1.0,"Алгоритм POA-QPSO предназначен для оптимизации спутниковых созвездий и обработки сигналов, не связан с квантовыми сенсорами для навигации.",POA-QPSO Hybrid Algorithm,квантовые сенсоры для навигации,Гибридный алгоритм POA-QPSO для многоцелевой оптимизации орбитальных созвездий,Научные публикации 2024–2026 годов о применении гибридного алгоритма POA-QPSO для оптимизации спутниковых систем и обработки сигналов.
bgrp-e2d2fed275,dev_fold_0,0,NOISE,N-NOI,,2,,1,1.0,"Документы представляют собой кодовые репозитории без подтверждений внедрения или подробностей реализации, что делает информацию ненадежной.",Felix-Zuo factory-takt-simulator,индустриальный искусственный интеллект на производстве,factory-takt-simulator (Симулятор производственного такта),Инструмент симуляции производственных процессов с использованием ИИ. Упоминается в личных GitHub-репозиториях без сведений о применении или развитии.
bgrp-e45bd78801,dev_fold_1,0,OVERVIEW,N-OVR,,4,,3,1.0,"Документы представляют сравнительные исследования криптовалют, их историческую таксономию и инвестиционные стратегии, однако не содержат информации о конкретных новых или перспективных решениях в финтехе.",Evaluation of Cryptocurrencies,перспективные решения в финтехе,Исследования и сравнение криптовалют,"Серия научных публикаций о сравнении криптовалют, их классификации, инвестиционных стратегиях и регулировании. Активные публикации с 2023 по 2025 год."
bgrp-e4e43555f0,dev_fold_4,0,NOISE,N-NOI,,1,,1,1.0,"Документы содержат ссылки на GitHub-проекты без подробного описания технологий и верификации, что свидетельствует о низком уровне конкретики и достоверности.",essex580 shielddos,edge-вычисления и периферийный инференс,Проекты essex580/shielddos и evertramos/ezy-shield,"Ссылки на два GitHub-проекта, предположительно связанные с безопасностью или защитой в edge-среде, без детализированной информации о стадиях разработки или внедрения."
bgrp-e6850fb6ba,holdout,0,OVERVIEW,R,,1,,1,1.0,"Представлены конкретные исследования применения биоугля для захвата углекислого газа, описаны механизмы и влияние подготовки биоугля, источники научные и верифицируемые.",Application of Biochar,улавливание и хранение углерода,Применение биоугля для захвата CO₂ (Biochar for CO₂ Capture),"Научные публикации 2023 года исследуют применение биоугля для захвата углекислого газа, изучаются влияние способов приготовления и реакторов захвата CO₂."
bgrp-e6bddd6ce8,holdout,0,OFF_TOPIC,N-OFF,,4,,1,1.0,"Документы касаются поликристаллических алмазных плёнок и других материалов, не связанных с метаматериалами или метаповерхностями, запрос не затрагивается.",Применение поликристаллических,метаматериалы и метаповерхности,,
bgrp-e700ffa557,holdout,1,WEAK_SIGNAL_RELEVANT,R,,2,,1,1.0,"Технология конкретно связана с биопечатью нервных тканей, подтверждена научной публикацией, находится на стадии прототипа и имеет низкую динамику упоминания.",Biomimetic Neural Reconstruction,биопечать тканей и органов,Биомиметическая реконструкция нейронов через 3D-биопечать человеческих нервных тканей с функциональной связностью (Biomimetic Neural Reconstruction),"Технология предполагает создание функциональных нервных тканей методом 3D-биопечати для персонализированной реконструкции повреждений мозга. Есть научные публикации начиная с 2024 года, уровень внедрения — прототип."
bgrp-e74641c9b4,dev_fold_1,0,OFF_TOPIC,N-GEN,,4,,2,1.0,"Кандидат описывает общие исследования малых языковых моделей без детализации конкретных технологий или продуктов, относится скорее к применению и анализу, чем к разработке.",языковые модели,малые языковые модели на мобильных устройствах,Общие исследования малых языковых моделей,"Исследования касаются применения малых языковых моделей в бизнесе и технической поддержке, опубликованы научные статьи с 2025 года, но конкретных технологий или ранних разработок не указано."
bgrp-ea5dcdf7d5,dev_fold_2,0,GENERIC_CONCEPT,N-GEN,,4,,1,1.0,"Кандидат представляет общие темы об искусственном интеллекте, образовании, инновациях и больших языковых моделях, не связан с робототехникой и физическим ИИ.",Artificial Intelligence,робототехника и физический искусственный интеллект,искусственный интеллект,"Научные публикации о применении ИИ в образовании, инновационной системе Германии, умных фабриках и трансформации агропромышленного комплекса с помощью LLM."
bgrp-ebf39dab0b,dev_fold_4,0,MATURE,N-OFF,,4,,1,1.0,"Документы посвящены архитектуре 5G и FPGA, но не касаются конкретно edge-вычислений или периферийного инференса.",architecture of 5G,edge-вычисления и периферийный инференс,Архитектура 5G,"Научные публикации о развитии архитектуры сетей 5G и оптимизации FPGA, без связи с edge-вычислениями."
bgrp-ec3aae1463,dev_fold_1,0,NOISE,N-NOI,,1,,1,1.0,"Представлен код смарт-контракта EduEnroll_smartContract, размещённый в личных репозиториях на GitHub, без подтверждений внедрения или научной оценки, что снижает достоверность и значимость как раннего сигнала.",EduEnroll_smartContract,перспективные решения в финтехе,Смарт-контракт EduEnroll_smartContract,Код смарт-контракта EduEnroll_smartContract опубликован в персональных репозиториях на GitHub в 2025–2026 годах. Нет сведений об использовании или тестировании.
bgrp-ec8598a8df,dev_fold_3,0,OVERVIEW,N-OVR,,4,,1,1.0,"Документ представляет собой roadmap и студенческий исследовательский проект по нейроморфному computing, но не описывает конкретные технологии ранних стадий и не имеет достаточной верификации.",Neuromorphic-Computing-Regent-Undergraduate-Research,нейроморфные процессоры,нейроморфное вычисление,"Roadmap и учебный проект по нейроморфному computing с открытым кодом. Описывает общие направления исследований, но не содержит информации о конкретных технологиях ранних стадий или независимых подтверждений."
bgrp-edf028044c,holdout,0,GENERIC_CONCEPT,R,,1,,2,1.0,"Документы содержат конкретные научные исследования и патент по метаматериалам и метаповерхностям, опубликованы недавно, относятся к ранней стадии исследований.",metamaterials and metasurfaces,метаматериалы и метаповерхности,Метаматериалы и метаповерхности (metamaterials and metasurfaces),"Исследования включают иерархическую структуру метаматериалов для поглощения энергии, ударопрочные метаматериалы, цементные биомиметические метаматериалы и антенну с метаматериалом для сканирования луча. Публикации и патент 2023–2025 годов подтверждают исследовательскую стадию."
bgrp-f1a65d1ba7,dev_fold_4,0,NOISE,N-NOI,,4,,1,1.0,"Склейка несвязанных проектов GitHub, отсутствует подтверждение темы edge-вычислений или инференса.",KochiyaSanaeNya EdgeSecurityAccess,edge-вычисления и периферийный инференс,Различные open-source проекты,"Сборка репозиториев GitHub без общей темы и подтверждений, связанных с edge-вычислениями."
bgrp-f1efea83e5,dev_fold_1,1,WEAK_SIGNAL_RELEVANT,R,,2,,2,1.0,"Кандидат соответствует всем критериям: документы из arXiv описывают конкретные исследовательские проекты ИИ-агентов для разработки ПО, опубликованы в 2023–2024 годах, находятся на стадии исследования и прототипирования.",ChatDev Communicative Agents,ИИ-агенты для разработки программного обеспечения,ChatDev: коммуникативные агенты для разработки программного обеспечения,"ChatDev — платформа ИИ-коммуникативных агентов для разработки ПО, исследуется с 2023 года. Включает проекты OpenHands, AIKernel и AutoDev, направленные на автоматизацию и поддержку разработчиков через ИИ-агентов."
bgrp-f3f2c794f8,dev_fold_4,0,OVERVIEW,U,,1,,2,1.0,"Обзор интеграции ИИ на границе беспроводных сетей с акцентом на оптимизацию и безопасность в 5G и переход к 6G соответствует запросу, находится на ранней стадии развития.",LinkedInLearning ai-for-telecom-network-optimization-and-security-in-5g-edge-systems-5215414,edge-вычисления и периферийный инференс,Интеграция ИИ на границе беспроводных сетей,"Научная публикация рассматривает интеграцию ИИ, сенсорики и вычислений на границе сети для оптимизации и безопасности в системах 5G и будущих сетях 6G."
bgrp-f421e1d73e,dev_fold_4,0,NOISE,N-GEN,,1,,2,1.0,"Кандидат охватывает общую тему CRISPR-генной терапии, включает как научные публикации, так и репозитории с концепциями и предварительными разработками, но не выделяет конкретную технологию или практику.",CRISPR Gene Therapy,генная терапия на основе CRISPR,CRISPR-генная терапия,"Область CRISPR-генной терапии исследуется с помощью научных статей и открытых проектов, охватывающих различные направления применения технологии. Есть публикации и репозитории с 2024 по 2026 годы."
bgrp-f483329619,dev_fold_2,0,OVERVIEW,N-GEN,,4,,1,1.0,"Рассматриваются роботы и нейротехнологии в общем юридическом аспекте, конкретные технологии или стадии развития не указаны.",robot and neurotechnologies,робототехника и физический искусственный интеллект,роботы и нейротехнологии,"Научные публикации о правовых вопросах статуса ИИ, продуктов ИИ-систем и концептуальных отношениях между искусственным интеллектом, роботами и нейротехнологиями."
bgrp-f50416324c,dev_fold_0,0,OFF_TOPIC,N-OFF,,1,,1,1.0,"Кандидат касается интеллектуальной системы обработки счетов на основе ИИ, что не имеет отношения к инфраструктуре ИИ и дата-центрам.",Ranga-gen-ai ai-invoice-intelligence-engine,инфраструктура для искусственного интеллекта и дата-центры,Интеллектуальная система обработки счетов на основе ИИ (ai-invoice-intelligence-engine),"Проект представляет собой интеллектуальную систему обработки счетов на основе ИИ, реализованную в виде открытого кода на GitHub."
bgrp-f507d073ef,dev_fold_3,1,WEAK_SIGNAL_RELEVANT,R,,1,,2,1.0,"Кандидат соответствует всем критериям: конкретные разработки нейроморфных чипов, научные публикации и патенты подтверждают раннюю стадию исследований.",Neuromorphic Chips,нейроморфные процессоры,Нейроморфные чипы (Neuromorphic Chips),"Исследования ведутся с 2023 года, публикации касаются моделирования целостности сигналов, мемристивных сетей и асинхронных схем для нейроморфных чипов."
bgrp-f5562eaf6d,dev_fold_4,0,GENERIC_CONCEPT,N-OFF,,4,,3,1.0,"Кандидат полностью посвящён большим языковым моделям (LLM) и их применению в открытии и анализе материалов, но не затрагивает синтетическую биологию или производство материалов этим методом.",Large Language Models,синтетическая биология в производстве материалов,Большие языковые модели,Ряд научных публикаций о применении больших языковых моделей для открытия и анализа биологических и био-вдохновлённых материалов. Технология широко применяется и развивается активно.
bgrp-f82ab8e377,holdout,1,WEAK_SIGNAL_RELEVANT,R,,3,,3,1.0,"Документы конкретно посвящены перовскитным солнечным элементам, описаны улучшения эффективности и стабильности, опубликованы научные статьи 2023–2025 годов.",perovskite solar cells,перовскитные солнечные элементы,Перовскитные солнечные элементы,"Исследования по повышению эффективности и стабильности перовскитных солнечных элементов через различные методы пассивации дефектов и интерфейсов, публикации 2023–2025 годов показывают активный рост интереса и разработок."
bgrp-f969b5560b,dev_fold_4,0,OVERVIEW,R,,2,,2,1.0,"Технология конкретно упомянута, находится на ранних стадиях исследований и разработок, подтверждается научными публикациями, наблюдается рост интереса.",sodium-ion batteries,натрий-ионные аккумуляторы,натрий-ионные аккумуляторы (sodium-ion batteries),"Исследования натрий-ионных аккумуляторов ведутся активно, рассматриваются аноды из твёрдого углерода, применение в электромобилях средней дальности, разработка натрий-ионных конденсаторов. Есть научные публикации начиная с 2023 года, отмечается прогресс в материалах и возможность переработки."
bgrp-f98120790a,dev_fold_0,1,WEAK_SIGNAL_RELEVANT,N-NOI,,1,,1,1.0,"Серия проектов на GitHub, связанных с агентными системами и доверием, не демонстрирует связи с защитой и безопасностью именно систем ИИ.",katosh agent_sandbox,защита и безопасность систем искусственного интеллекта,Не применимо,"Разрозненные репозитории на GitHub, посвящённые различным аспектам агентных систем и доверия, не содержат информации о конкретных технологиях защиты ИИ-систем."
bgrp-fba341451e,dev_fold_2,0,GENERIC_CONCEPT,,,,,,,,Entanglement-enhanced optomechanical sensing,квантовые сенсоры для навигации,,
bgrp-fbc9bb5c44,dev_fold_3,1,WEAK_SIGNAL_RELEVANT,R,,2,,2,1.0,Конкретная технология фотонных вычислений (reservoir computing) на ранней стадии развития подтверждается научными публикациями и патентом.,photonic reservoir computing,фотонные вычисления,Фотонная резервуарная вычислительная система (Photonic Reservoir Computing),Фотонные резервуарные вычисления используются для задач распознавания образов и обработки сигналов. Исследования ведутся с использованием лазеров и полупроводниковых оптических усилителей. Первые системы появились в 2023 году.
bgrp-fcd0dde903,dev_fold_3,1,WEAK_SIGNAL_RELEVANT,N-GEN,,2,,1,1.0,"Алгоритм подписи SLH-DSA относится к постквантовому направлению, однако сам по себе представляет скорее общую категорию (хэш-базированные схемы), а не конкретную технологию или реализацию, которая бы однозначно определялась как слабый сигнал.",Signature Algorithm SLH-DSA,постквантовая криптография,Хэш-базированная цифровая подпись SLH-DSA,"Алгоритм цифровой подписи на основе хэш-функций, стойкий к атакам квантовых компьютеров. Описан в научной публикации 2025 года, реализован экспериментально в проекте mldsa-py."
bgrp-fd4d15d193,dev_fold_0,1,WEAK_SIGNAL_RELEVANT,R,,1,,2,1.0,"Документ описывает конкретные инновационные подходы к охлаждению и устойчивости инфраструктуры дата-центров для ИИ, подтверждён независимым источником, находится на ранней стадии развития.",Waste-to-Energy-Coupled AI Data,инфраструктура для искусственного интеллекта и дата-центры,Инфраструктуры дата-центров на базе утилизации отходов для ИИ (Waste-to-Energy-Coupled AI Data Centers),"Статья рассматривает энергоэффективное охлаждение и устойчивость дата-центров для ИИ путём интеграции с системами переработки отходов. Описаны микро-мощностные архитектуры и орбитальные спутники-дантцеры SpaceX. Источник — научная публикация 2025 года, поддержана предварительными исследованиями 2026 года."
bgrp-fd895f81d6,dev_fold_2,0,GENERIC_CONCEPT,N-GEN,,1,,1,1.0,"Рассматривается общее сравнение технологий батарей для электромобилей, без детализации конкретной технологии твёрдотельных аккумуляторов.",omchakunde Advancements-in-Battery-Technology-for-Electric-Vehicles-Solid-State-vs Lithium-Ion-Batteries-,твердотельные аккумуляторы для электротранспорта,Обзор технологий батарей для электромобилей: твёрдотельные против литий-ионных,
bgrp-fdde33d6f8,dev_fold_1,0,NOISE,N-OFF,,1,,1,1.0,"Документы посвящены автоматизации аудита кибербезопасности и экономической роли ИИ в Южной Азии, а также концепции интеллектуального агента для инженерии требований. Нет связи с ИИ-агентами для разработки ПО.",Artificial Intelligence Automation,ИИ-агенты для разработки программного обеспечения,,
bgrp-ffb1f52312,dev_fold_0,0,OVERVIEW,N-OVR,,4,,2,1.0,"Кандидат охватывает зелёный водород в промышленности, но материалы носят обобщённый характер — обзоры технологий, текущего состояния и перспектив развития, а не конкретные инновационные решения на ранних стадиях.",Hydrogen energy future,зелёный водород для промышленности,Обзор применения зелёного водорода в промышленности,"Научные публикации рассматривают использование зелёного водорода в сталелитейной промышленности, оптимизацию интегрированных энергетических систем с водородом, текущее состояние индустрии водорода в Китае и методы производства зелёного водорода через электролиз воды. Материалы преимущественно аналитического характера, без акцента на конкретные инновационные разработки на ранних стадиях."
bweb-humanoid-airport-ground-handling,dev_fold_2,1,WEAK_SIGNAL_RELEVANT,U,,2,,2,0.8,"Упомянуты испытания гуманоидных роботов в аэропорту, что соответствует запросу на робототехнику и физический ИИ, однако доверие источника низкое.",humanoid robots airport ground handling trial,робототехника и физический искусственный интеллект,гуманоидные роботы для наземного обслуживания аэропортов,"Статья на корпоративном блоге kraneshares.com о гонке среди разработчиков гуманоидной робототехники в 2026 году, переходе от пилота к платформе, упоминается испытание в аэропортах."
bweb-physical-ai-automotive-production-pilots,dev_fold_2,1,WEAK_SIGNAL_RELEVANT,R,,3,,2,1.0,"Конкретное применение физического ИИ в гуманоидных роботах на производстве BMW, подтвержденное отраслевыми и корпоративными источниками, находится на стадии пилотов.",physical AI humanoid pilots in automotive production,робототехника и физический искусственный интеллект,Физический искусственный интеллект в гуманоидных роботах (Physical AI humanoid robots),Физический ИИ в гуманоидных роботах применяется BMW Group в Германии с 2026 года в форме пилотных проектов на автомобильном производстве.
bweb-optimus-million-units-claim,dev_fold_2,0,HYPE,N-FUND,,2,,2,1.0,"Информация касается планов производства Optimus Gen 3, но отсутствует конкретика по технологии и независимые подтверждения.",Optimus Gen 3 million units per year factory plans,робототехника и физический искусственный интеллект,Производство Optimus Gen 3 (миллион единиц в год),"Optimus Gen 3 — проект по производству миллиона гуманоидных роботов в год, упоминается в корпоративных блогах как перспектива, детали и подтверждения отсутствуют."
bweb-agility-spac-valuation,dev_fold_2,0,ROUTINE_FUNDING,N-FUND,,2,,2,1.0,"Упоминается слияние Agility Robotics с SPAC-компанией, но нет конкретики по технологиям и независимых подтверждений.",Agility Robotics SPAC merger valuation,робототехника и физический искусственный интеллект,SPAC-слияние Agility Robotics,"Agility Robotics планирует слияние с SPAC-компанией, детали и подтверждения отсутствуют."
bweb-humanoid-market-guides,dev_fold_2,0,OVERVIEW,N-OVR,,2,,2,1.0,"Обзор компаний-производителей гуманоидных роботов с характеристиками и ценами, без конкретизации технологий и независимых подтверждений.",humanoid robot companies guide specs prices,робототехника и физический искусственный интеллект,Гуманоидные роботы 2026 года,"Обзор спецификаций, цен и запусков гуманоидных роботов в 2026 году, упомянутых в корпоративных блогах."
bweb-assb-pilot-lines-oem-sampling,dev_fold_2,1,WEAK_SIGNAL_RELEVANT,R,,3,,2,1.0,"Упомянуты пилотные линии и валидация образцов твёрдотельных аккумуляторов автопроизводителями, что указывает на раннюю стадию внедрения и рост интереса.",all-solid-state battery pilot lines OEM sample validation,твердотельные аккумуляторы для электротранспорта,Пилотное производство твёрдотельных аккумуляторов (ASSB),В 2026 году компания QuantumScape открыла пилотную линию Eagle Line для производства твёрдотельных аккумуляторов. Отмечается переход к пилотному производству и прогресс в разработке таких аккумуляторов.
bweb-chery-600whkg-claim,dev_fold_2,0,HYPE,U,,2,,1,0.9,"Технология твердотельных аккумуляторов с высокой плотностью энергии и дальностью хода соответствует запросу, находится на стадии демонстрации прототипа, но отсутствует подтверждение из независимых достоверных источников.",600 Wh/kg solid-state cell demo 1200 km range,твердотельные аккумуляторы для электротранспорта,Твердотельный аккумулятор 600 Вт·ч/кг с демонстрацией пробега 1200 км,"Прототип твердотельного аккумулятора демонстрирует плотность энергии 600 Вт·ч/кг и потенциальную дальность хода электромобиля 1200 км. Информация представлена в корпоративном блоге, сведений о независимых подтверждениях или коммерческой реализации нет."
bweb-semi-solid-production-cars,dev_fold_2,0,MATURE,N-MAT,,4,,2,0.9,"Технология твердотельных аккумуляторов уже применяется в серийных электромобилях, что указывает на стадию массового внедрения.",semi-solid battery packs in production EVs,твердотельные аккумуляторы для электротранспорта,полутвердые аккумуляторные элементы в серийных электромобилях (semi-solid battery packs in production EVs),"Полутвердые аккумуляторные элементы используются в серийных электромобилях, информация подтверждается отраслевыми медиа и корпоративным блогом. Технология вышла на стадию массового внедрения."
bweb-ssb-company-listicles,dev_fold_2,0,OVERVIEW,N-OVR,,4,,2,1.0,"Источники представляют собой корпоративные блоги с низким уровнем доверия, перечисляющие компании, а не конкретные технологии твердотельных аккумуляторов.",solid-state battery companies to watch,твердотельные аккумуляторы для электротранспорта,твердотельные аккумуляторы для электротранспорта,"Обзор компаний, разрабатывающих твердотельные аккумуляторы; информация представлена в корпоративных блогах, без описания конкретных технологий или стадий разработки."
bgrp-1a11e09912,holdout,,UNCERTAIN,R,,1,,2,1.0,"Документы содержат конкретные научные публикации по композитным метаматериалам, опубликованные в 2023–2025 годах, относящиеся к ранней стадии исследований и разработок.",composite metamaterials,метаматериалы и метаповерхности,Композитные метаматериалы (composite metamaterials),"Исследуются композитные метаматериалы на основе MOF/Fe для микроволнового поглощения, биоинспирированные метаматериалы для поглощения механических волн и трехмерные структуры с технологией метаповерхностей. Новые публикации 2023–2025 годов указывают на активную исследовательскую фазу."
bgrp-287ed2a75d,dev_fold_0,,UNCERTAIN,N-NOI,,1,,1,1.0,"Документы представляют собой ссылки на GitHub-репозитории без подтверждений и подробностей, что указывает на отсутствие верификации и конкретики.",lulbitz llm-con,защита и безопасность систем искусственного интеллекта,Инструменты защиты и безопасности систем ИИ (неконкретизировано),Сборка ссылок на репозитории с инструментами для безопасности ИИ-систем без детализации технологий или подтверждений.
bgrp-405108ca3a,dev_fold_1,,UNCERTAIN,N-OFF,,1,,2,1.0,Органические полупроводники для инфракрасного обнаружения не относятся к гибкой и печатной электронике.,Infrared-Detecting Organic Semiconductors,гибкая и печатная электроника,органические полупроводники для инфракрасного обнаружения (Infrared-Detecting Organic Semiconductors),"Научные публикации о разработке эффективных органических полупроводников для инфракрасного и ультрафиолетового обнаружения, с фокусом на улучшение характеристик поглощения и чувствительности. Исследовательская стадия (1), заметен рост публикаций (тренд 2)."
bgrp-46334451be,dev_fold_3,,UNCERTAIN,N-GEN,,1,,1,1.0,"Рассматривается широкая область фотонных интегральных схем, конкретные технологии не выделены.",ФОТОННЫХ ИНТЕГРАЛЬНЫХ СХЕМ,фотонные вычисления,Фотонные интегральные схемы,"Область исследований включает патенты и научные публикации по созданию и применению фотонных интегральных схем, материалов и бортового оборудования."
bgrp-4ceabf00b7,dev_fold_2,,UNCERTAIN,N-OFF,,2,,1,1.0,"Технология LifeTwin-LFP-SOH связана с цифровыми двойниками личности, а не с цифровыми двойниками в энергетике.",LifeTwin-LFP-SOH,цифровые двойники в энергетике,LifeTwin-LFP-SOH (человеческий цифровой двойник),"Проект цифрового двойника личности, упомянутый в научной публикации и репозитории на GitHub."
bgrp-64f0968a27,dev_fold_3,,UNCERTAIN,N-NOI,,1,,1,1.0,"Основной источник — открытый репозиторий на GitHub без независимого подтверждения, что снижает достоверность информации.",Affordable-Farm-Maintenance-Robot-for-Small--and-Medium-Scale-Farmers,агророботы и точное земледелие,Дешёвый робот для обслуживания небольших и средних ферм (Affordable Farm Maintenance Robot),Проект предполагает разработку недорогого сельскохозяйственного робота для малых и средних фермерских хозяйств. Включает компонент мониторинга сенсоров листьев для точного земледелия.
bgrp-7be08f1280,dev_fold_4,,UNCERTAIN,R,,2,,2,1.0,"Рассматриваются конкретные способы применения NFT для владения цифровыми активами и подтверждения доставки физических товаров, подтверждаются научными публикациями, наблюдается рост интереса к технологиям.",NFTs for ownership,NFT и метавселенная,использование NFT для управления владением цифровыми двойниками и подтверждения доставки физических активов,"Конкретное применение NFT для цифрового владения и логистики подтверждается научными публикациями 2023 года, технология находится на стадии прототипа и раннего внедрения."
bgrp-82b43d123c,dev_fold_4,,UNCERTAIN,R,,1,,1,1.0,"Документ посвящен новым электрохимическим системам именно для натрий-ионных аккумуляторов, что соответствует запросу. Источник научный и надежный.",Новые электрохимические системы,натрий-ионные аккумуляторы,Электрохимические системы для натрий-ионных аккумуляторов,"Статья рассматривает разработку новых электрохимических систем специально для натрий-ионных аккумуляторов, опубликована в ноябре 2024 года."
bgrp-8baf0bff6b,dev_fold_4,,UNCERTAIN,R,,1,,1,1.0,"Документы относятся к натрию-ионным аккумуляторам, содержат конкретные исследования, опубликованы в научных изданиях, отражают раннюю стадию исследований.",графена в натрий-ионных,натрий-ионные аккумуляторы,Натрий-ионные аккумуляторы с использованием графена и материалов на основе MoS2,Исследования синтеза и свойств азотсодержащих углеродных материалов и влияния легирования Co материалов на основе MoS2 и графена в натрий-ионных аккумуляторах проводились в 2025 году. Технология находится на стадии научных исследований.
bgrp-8c4ed12dce,dev_fold_3,,UNCERTAIN,R,,1,,1,1.0,"Определена конкретная технология — логические элементы на дефектных фотонных кристаллах, подтверждена научной публикацией, находится на стадии исследования.",defect photonic crystal,фотонные вычисления,Логические элементы на основе дефектного фотонного кристалла (defect photonic crystal),"Исследуются логические элементы, реализованные на Y-образных дефектных фотонных кристаллах. Научное подтверждение появилось в 2023 году."
bgrp-a0ef360a9a,dev_fold_4,,UNCERTAIN,U,,2,,2,1.0,"Документы охватывают vehicular edge computing, включая энергоэффективные мобильные edge-сети и алгоритмы распределения ресурсов, что соответствует запросу и находится на стадии исследований и первых публикаций.",Vehicular Edge Computing,edge-вычисления и периферийный инференс,Вычисления на границе транспортных сетей (vehicular edge computing),"Научные публикации исследуют энергоэффективные mobile edge computing сети и методы распределения ресурсов с учётом задержки и приватности в vehicular edge computing, начиная с 2023 года."
bgrp-a32ab4ff87,holdout,,UNCERTAIN,R,,1,,2,1.0,"Документы посвящены малым модульным ядерным реакторам, рассматривают конкретные аспекты оптимизации топлива и обращения с отходами, опубликованы в научных журналах в 2023–2024 годах.",Nuclear waste attributes,малые модульные ядерные реакторы,Малые модульные ядерные реакторы (Small Modular Reactors),Малые модульные ядерные реакторы находятся на стадии исследований и разработки концепций. Рассматриваются вопросы оптимизации топливных конфигураций на основе тория и управления отработанным ядерным топливом. Активизация публикаций и исследований наблюдается в 2023–2024 годах.
bgrp-af728ee8ec,holdout,,UNCERTAIN,N-GEN,,2,,2,1.0,"Кандидат касается биопечати для создания орган-на-чипе, но не представляет конкретную технологию биопечати тканей или органов.",leggettlab 3D-Printed-Molds-for-Organ-on-a-Chip-and-Fluidics-PDMS-Based-Rapid-and-Accessible-Prototyping,биопечать тканей и органов,Биопечать для орган-на-чипе,"Исследования и разработки по созданию 3D-печатных форм для орган-на-чипе и микрожидкостных устройств ведутся с использованием различных материалов и методов печати. Есть научные публикации и патенты, подтверждающие исследования начиная с 2023 года."
bgrp-b4a8fded69,dev_fold_0,,UNCERTAIN,N-NOI,,2,,1,1.0,"Представлены несколько репозиториев с инструментами для производства на базе ИИ, однако они размещены на GitHub без подтверждений внедрения или рецензируемых исследований.",manufacturing-rag-pipeline,индустриальный искусственный интеллект на производстве,manufacturing-rag-pipeline (Конвейер обработки запросов к производству),Набор инструментов и конвейеров для задач промышленного производства с применением ИИ. Упоминаются различные GitHub-проекты без информации о реальном использовании или развитии.
bgrp-b78e2aa68f,dev_fold_0,,UNCERTAIN,R,,2,,2,1.0,"Представлена конкретная платформа 'AI Nano Platform' для разработки и развертывания ИИ в промышленности, описаны технические детали, имеются научные публикации и препринты.",AI Nano Platform,индустриальный искусственный интеллект на производстве,AI Nano Platform (Платформа для создания и развёртывания ИИ в промышленности),Платформа для end-to-end разработки и развёртывания искусственного интеллекта в научных и промышленных областях без программирования. Описана в научной публикации 2023 года и препринте 2026 года.
bgrp-bb9e65d4b2,dev_fold_4,,UNCERTAIN,N-GEN,,1,,2,1.0,"Рассматривается общая область edge-вычислений применительно к телеприсутствию и V2X-системам, конкретные технологии не выделены.",Analysis of Microservice,edge-вычисления и периферийный инференс,Микросервисные подходы к edge computing (общий уровень),Научные публикации рассматривают применение микросервисов и serverless-подходов в edge computing для телеприсутствия и V2X-систем. Уровень исследований — концепции и подходы.
bgrp-d8717afe9c,holdout,,UNCERTAIN,N-OFF,,1,,1,1.0,"Документ рассматривает деградацию гибридных органометаллических перовскитов под гамма-излучением, что не связано с солнечными элементами.",PEROVSKITES UNDER GAMMA-RAY,перовскитные солнечные элементы,Деградация перовскитов под гамма-излучением,Научное исследование 2023 года о влиянии гамма-излучения на структуру перовскитов методом рентгеновской фотоэлектронной спектроскопии.
bgrp-dc1d2517ab,dev_fold_3,,UNCERTAIN,N-OFF,,1,,1,1.0,"Кандидат посвящён решению задач криптоанализа с помощью квантового отжига, а не постквантовой криптографии.",quantum annealing method,постквантовая криптография,метод квантового отжига (quantum annealing method),Метод квантового отжига применяется для решения задач криптоанализа для решёточных криптосистем. Упомянуты научные исследования 2023 года.
bgrp-e96ed3b81f,dev_fold_4,,UNCERTAIN,N-OFF,,1,,1,1.0,"Документы касаются калибровки лидарных систем вообще, не конкретно твердотельных лидаров.",КАЛИБРОВКИ ЛИДАРНОЙ СИСТЕМЫ,твердотельные лидары,Калибровка лидарных систем,Патенты посвящены общим методам калибровки лидарных систем без уточнения типа сенсора.
bgrp-ecf499bc52,dev_fold_3,,UNCERTAIN,N-GEN,,2,,1,1.0,"Хотя тема связана с нейроморфными технологиями, кандидат представляет общее направление 'зрение на основе нейроморфных технологий' без конкретизации самой архитектуры процессора.",Neuromorphic Vision-Based Inspection,нейроморфные процессоры,Зрение на основе нейроморфных технологий (Neuromorphic Vision-Based Inspection),"Научные публикации 2022–2023 годов посвящены высокоскоростной инспекции отверстий и наборам данных для сегментации объектов, но не раскрывают детали самих нейроморфных процессоров."
bgrp-efdc454719,dev_fold_4,,UNCERTAIN,R,,1,,2,1.0,"Документ описывает конкретные эффективные совместные периферийные вычисления с использованием службы кластеризации для транспортной сети, подтверждается научным источником.",Эффективные совместные периферийные,edge-вычисления и периферийный инференс,Совместные периферийные вычисления с использованием службы кластеризации,"Представлена технология эффективных совместных периферийных вычислений для транспортной сети с применением службы кластеризации. Источники — научные публикации 2025 года, отражающие исследовательскую стадию."
bgrp-f00d7b5447,dev_fold_0,,UNCERTAIN,N-OFF,,1,,2,1.0,"Кандидат посвящён корпоративным ИИ-системам с поиском без передачи данных, что не связано с инфраструктурой ИИ и дата-центрами.",Retrieval-Grounded Enterprise AI,инфраструктура для искусственного интеллекта и дата-центры,Корпоративный ИИ с поиском без передачи данных (Retrieval-Grounded Enterprise AI),Исследования касаются корпоративных решений на основе ИИ с акцентом на локальность и конфиденциальность данных. Представлены научные статьи и препринты 2026 года.
bweb-consumer-home-humanoids,dev_fold_2,,UNCERTAIN,N-OFF,,1,,1,1.0,Тема домашнего робота-гуманоида не связана с робототехникой и физическим искусственным интеллектом.,consumer home humanoid robots preorders,робототехника и физический искусственный интеллект,домашние гуманоидные роботы (consumer home humanoid robots),"Статья посвящена домашним гуманоидным роботам, их спецификациям, ценам и предзаказам на 2026 год."
bweb-ssb-robots-first-market,dev_fold_2,,UNCERTAIN,N-OFF,,3,,1,1.0,"Технология твердотельных аккумуляторов упоминается для гуманоидных роботов и дронов, а не для электротранспорта.",solid-state cells for humanoid robots and drones first,твердотельные аккумуляторы для электротранспорта,твердотельные аккумуляторы (solid-state batteries),"Статья посвящена перспективным компаниям сектора твердотельных батарей с упором на пилотное производство в 2026 году, однако акцент сделан на применении для роботов и дронов."
bweb-ssb-pack-assembly-equipment,dev_fold_2,,UNCERTAIN,N-OFF,,1,,1,1.0,"Кандидат посвящён оборудованию для сборки аккумуляторных блоков, а не самим твердотельным аккумуляторам для электротранспорта.",pack assembly equipment for solid-state formats,твердотельные аккумуляторы для электротранспорта,оборудование для сборки аккумуляторных блоков (pack assembly equipment),Статья рассматривает прогресс в оборудовании для сборки аккумуляторных блоков формата твердотельных батарей в 2026 году.
