group_id,queue,topic,title,cluster_title,evidence,urls,label,comment
bgrp-075b16f855,1,перовскитные солнечные элементы,Фонон-поляритоны в перовскитах на основе свинца для квантовой электроники,Phonon-Polaritons in Lead-Halide,openalex | SCIENTIFIC_PUBLICATION | HIGH | 2023-05-18 | Giant optical orientation of exciton spins in lead halide perovskite crystals || openalex | SCIENTIFIC_PUBLICATION | HIGH | 2024-09-25 | Size-dependent multiexciton dynamics governs scintillation from perovskite quantum dots || openalex | SCIENTIFIC_PUBLICATION | HIGH | 2024-09-06 | Multimode Phonon-Polaritons in Lead-Halide Perovskites in the Ultrastrong Coupling Regime,http://arxiv.org/abs/2305.10875 http://arxiv.org/abs/2409.16994 http://arxiv.org/abs/2409.04505,,
bgrp-3c76073859,1,перспективные решения в финтехе,Использование GAN-сетей для обнаружения мошенничества через синтетические транзакционные данные,GANs for Fraud,openalex | SCIENTIFIC_PUBLICATION | HIGH | 2024-12-19 | Generative AI for Banks: Benchmarks and Algorithms for Synthetic Financial Transaction Data || openalex | SCIENTIFIC_PUBLICATION | HIGH | 2024-02-15 | Utilizing GANs for Fraud Detection: Model Training with Synthetic Transaction Data || openalex | SCIENTIFIC_PUBLICATION | HIGH | 2023-02-08 | Machine Learning for Synthetic Data Generation: A Review,http://arxiv.org/abs/2412.14730 http://arxiv.org/abs/2402.09830 http://arxiv.org/abs/2302.04062,,
bgrp-3e6219631a,1,твердотельные лидары,Технология повышения плотности лазерного сканирования LiDAR с использованием зеркал,enhance LiDAR scanning,openalex | SCIENTIFIC_PUBLICATION | HIGH | 2025-12-01 | Development of a method to enhance LiDAR scanning density and quality through mirrors in mechanical systems || openalex | SCIENTIFIC_PUBLICATION | HIGH | 2025-01-01 | Educational laboratory setup for studying of principles and basic elements of modern solid-state diode-pumped lasers,https://doi.org/10.25686/978-5-8158-2474-4-2025-586-594 https://rep.bntu.by/handle/data/162769,,
bgrp-7be08f1280,1,NFT и метавселенная,Использование NFT для управления правами собственности в цифровой среде,NFTs for ownership,"openalex | SCIENTIFIC_PUBLICATION | HIGH | 2023-06-07 | What makes NFTs valuable to consumers? Perceived value drivers associated with NFTs liking, purchasing, and holding || openalex | SCIENTIFIC_PUBLICATION | HIGH | 2023-02-26 | Building brand engagement in metaverse commerce: The role of branded non-fungible tokens (BNFTs) || openalex | SCIENTIFIC_PUBLICATION | HIGH | 2023-04-05 | Using NFTs for ownership management of digital twins and for proof of delivery of their physical assets",https://doi.org/10.1016/j.jbusres.2023.114056 https://doi.org/10.1016/j.elerap.2023.101248 https://doi.org/10.1016/j.future.2023.03.047,,
bgrp-760df3fa2d,1,защита и безопасность систем искусственного интеллекта,Технология: Repello-AI whistleblower,Repello-AI whistleblower,github | CODE_REPOSITORY | MEDIUM | 2024-06-23 | Repello-AI/whistleblower || github | CODE_REPOSITORY | MEDIUM | 2024-04-02 | SWE-agent/SWE-agent || github | CODE_REPOSITORY | MEDIUM | 2025-03-29 | yashab-cyber/lewis,https://github.com/Repello-AI/whistleblower https://github.com/SWE-agent/SWE-agent https://github.com/yashab-cyber/lewis,,
bgrp-c9b1ecfc80,1,гибкая и печатная электроника,3D-печать устройств с интегрированными платами,3D Printed Devices,"semantic_scholar | SCIENTIFIC_PUBLICATION | HIGH | 2024-10-03 | A Low‐Cost, Open‐Source 3D Printer for Multimaterial and High‐Throughput Direct Ink Writing of Soft and Living Materials || openalex | SCIENTIFIC_PUBLICATION | HIGH | 2025-09-10 | Printegrated Circuits: Personal Fabrication of 3D Printed Devices with Embedded PCBs",https://www.semanticscholar.org/paper/8449dbae86ed13c12d7bcef9212f9510a167daa9 http://arxiv.org/abs/2509.08459,,
bgrp-2a181880ab,1,зелёный водород для промышленности,Производство зелёного водорода методом плазменного разложения полимерных органических твёрдых веществ,hydrogen plasma reduction,openalex | SCIENTIFIC_PUBLICATION | HIGH | 2023-06-09 | Hydrogen production from polymeric organic solids via atmospheric pressure nonthermal Plasma || openalex | SCIENTIFIC_PUBLICATION | HIGH | 2024-01-24 | Green steel from red mud through climate-neutral hydrogen plasma reduction,http://arxiv.org/abs/2306.05643 https://doi.org/10.1038/s41586-023-06901-z,,
bgrp-d8c8de6773,1,метаматериалы и метаповерхности,Технология: epsilon-near-zero metasurface,epsilon-near-zero metasurface,semantic_scholar | SCIENTIFIC_PUBLICATION | HIGH | 2025-02-21 | Polarization-entangled Bell state generation from an epsilon-near-zero metasurface || openalex | SCIENTIFIC_PUBLICATION | HIGH | 2023-05-11 | Two-color all-optical switching in Si-compatible epsilon-near-zero hyperbolic metamaterials || semantic_scholar | SCIENTIFIC_PUBLICATION | HIGH | 2025-10-17 | Fano interference of photon pairs from a metasurface,https://www.semanticscholar.org/paper/50421d91af68ce54667a522171f743be54116be0 http://arxiv.org/abs/2305.06731 https://www.semanticscholar.org/paper/f4c94a80a7db7768fbb0f25ec62b9783a2f17bd1,,
bgrp-a32ab4ff87,1,малые модульные ядерные реакторы,Малая модульная ядерная энергетика: управление отходами и оптимизация топлива,Nuclear waste attributes,openalex | SCIENTIFIC_PUBLICATION | HIGH | 2024-01-31 | Nuclear waste attributes of near-term deployable small modular reactors || openalex | SCIENTIFIC_PUBLICATION | HIGH | 2024-02-13 | Neutronic optimization of thorium-based fuel configurations for minimizing slightly used nuclear fuel and radiotoxicity in small modular reactors || openalex | SCIENTIFIC_PUBLICATION | HIGH | 2023-06-30 | Strategy for the management of used nuclear fuel and radioactive waste of small water-water modular reactors || openalex | SCIENTIFIC_PUBLICATION | HIGH | 2024-05-21 | Cross-disciplinary Reactor-to-Repository Framework for Evaluating Spent Nuclear Fuel from Advanced Reactors,https://doi.org/10.1016/j.net.2024.01.046 https://doi.org/10.1016/j.net.2024.02.023 http://dx.doi.org/10.20535/2617-9741.2.2023.283527 http://arxiv.org/abs/2405.12805,,
bgrp-28ee876d3a,1,постквантовая криптография,Постквантовая криптография,Post-Quantum Cryptography,zenodo | PREPRINT | MEDIUM | 2026-05-03 | A Decision Framework for Post-Quantum Cryptography Deployment in Zero Trust Architecture || openalex | SCIENTIFIC_PUBLICATION | HIGH | 2024-11-26 | Securing the future: exploring post-quantum cryptography for authentication and user privacy in IoT devices || openalex | SCIENTIFIC_PUBLICATION | HIGH | 2025-01-01 | Performance Evaluation of Quantum-Resistant Algorithms on Industrial Embedded Systems || openalex | SCIENTIFIC_PUBLICATION | HIGH | 2024-01-01 | Quantum-Resistant Hash-Based Digital Signature Schemes: A Review || zenodo | PREPRINT | MEDIUM | 2025-08-18 | Smart Dust Cybersecurity: Securing the Invisible Frontier of Microscopic IoT Networks,https://zenodo.org/records/20002606 https://doi.org/10.1007/s10586-024-04799-4 https://doi.org/10.1007/978-3-032-00630-1_8 https://doi.org/10.1007/978-981-97-2611-0_43 https://zenodo.org/records/16894073,,
bgrp-23ee6744ed,1,постквантовая криптография,Технология: SLVC-DIDA Signature-less Verifiable,SLVC-DIDA Signature-less Verifiable,openalex | SCIENTIFIC_PUBLICATION | HIGH | 2023-01-02 | Bringing data minimization to digital wallets at scale with general-purpose zero-knowledge proofs || openalex | SCIENTIFIC_PUBLICATION | HIGH | 2024-02-23 | BLS-MT-ZKP: A novel approach to selective disclosure of claims from digital credentials || openalex | SCIENTIFIC_PUBLICATION | HIGH | 2025-01-19 | SLVC-DIDA: Signature-less Verifiable Credential-based Issuer-hiding and Multi-party Authentication for Decentralized Identity,http://arxiv.org/abs/2301.00823 http://arxiv.org/abs/2402.15447 http://arxiv.org/abs/2501.11052,,
bgrp-d8d8f40789,1,квантовые сенсоры для навигации,Квантовые магнитометры для навигации в условиях недоступности GPS,Quantum-assured magnetic navigation,openalex | SCIENTIFIC_PUBLICATION | HIGH | 2023-02-13 | Quantum diamond magnetometry for navigation in GNSS denied environments || openalex | SCIENTIFIC_PUBLICATION | HIGH | 2023-01-01 | Probabilistic Map Matching for Robust Inertial Navigation Aiding || openalex | SCIENTIFIC_PUBLICATION | HIGH | 2025-04-10 | Quantum-assured magnetic navigation achieves positioning accuracy better than a strategic-grade INS in airborne and ground-based field trials,http://arxiv.org/abs/2302.06187 https://doi.org/10.33012/navi.583 http://arxiv.org/abs/2504.08167,,
bgrp-deb3b1f00f,1,edge-вычисления и периферийный инференс,Устойчивое глубокое обучение через сжатие моделей и смешанную точность,Sustainable Deep Learning,zenodo | PREPRINT | MEDIUM | 2026-08-31 | Frugal AI: Sustainable Deep Learning Compression via Pruning and Mixed-Precision QAT || openalex | SCIENTIFIC_PUBLICATION | HIGH | 2023-07-19 | TinyTrain: Resource-Aware Task-Adaptive Sparse Training of DNNs at the Data-Scarce Edge,https://zenodo.org/records/22209823 http://arxiv.org/abs/2307.09988,,
bgrp-9c2b24733c,1,гибкая и печатная электроника,Органические полупроводники с допированием для гибкой электроники,Doped Organic Semiconductors,openalex | SCIENTIFIC_PUBLICATION | HIGH | 2024-05-15 | Photocatalytic doping of organic semiconductors || semantic_scholar | SCIENTIFIC_PUBLICATION | HIGH | 2025-08-01 | Investigating the doping performance of an ionic dopant for organic semiconductors and thermoelectric applications || openalex | SCIENTIFIC_PUBLICATION | HIGH | 2023-01-01 | Efficient and air-stable n-type doping in organic semiconductors || semantic_scholar | SCIENTIFIC_PUBLICATION | HIGH | 2025-04-07 | High‐Miscibility n‐Dopant for Organic Semiconductors Enabling Highly Stable Organic Transistors || semantic_scholar | SCIENTIFIC_PUBLICATION | HIGH | 2025-06-06 | Air-stable n-type dopant for organic semiconductors via a single-photon catalytic process,https://doi.org/10.1038/s41586-024-07400-5 https://www.semanticscholar.org/paper/025922f86d0d1181ceb9c7e165a4a0715eaea418 https://doi.org/10.1039/d2cs01027e https://www.semanticscholar.org/paper/96891d20462d48f96ba78bcaae74f270fae15fca https://www.semanticscholar.org/paper/93d130cf8de1f9e0740a152b52d321e784dc2f92,,
bgrp-cb6bc0c781,1,гибкая и печатная электроника,Технология: molecular semiconductors,molecular semiconductors,github | CODE_REPOSITORY | MEDIUM | 2023-07-28 | ianshimabukuro/1d-kmc-organic-semiconductors || github | CODE_REPOSITORY | MEDIUM | 2026-03-04 | manuelperezesc/KMC3D || openalex | SCIENTIFIC_PUBLICATION | HIGH | 2023-12-22 | First-principle quantum Monte-Carlo study of charge carrier mobility in organic molecular semiconductors || github | CODE_REPOSITORY | MEDIUM | 2026-03-23 | Queijobri/Brian-Palmer-Senior-Thesis-Code || github | CODE_REPOSITORY | MEDIUM | 2026-03-13 | megamsndm/KOMETA,https://github.com/ianshimabukuro/1d-kmc-organic-semiconductors https://github.com/manuelperezesc/KMC3D http://arxiv.org/abs/2312.14914 https://github.com/Queijobri/Brian-Palmer-Senior-Thesis-Code https://github.com/megamsndm/KOMETA,,
bgrp-80d4b7b40d,1,нейроморфные процессоры,Нейроморфные чипы для искусственного интеллекта,Intelligence Neuromorphic Chips,semantic_scholar | SCIENTIFIC_PUBLICATION | HIGH | 2023-09-01 | An Electromagnetic Perspective of Artificial Intelligence Neuromorphic Chips || openalex | SCIENTIFIC_PUBLICATION | HIGH | 2023-09-14 | A retrainable neuromorphic biosensor for on-chip learning and classification || openalex | SCIENTIFIC_PUBLICATION | HIGH | 2025-01-22 | Neuromorphic computing at scale,https://www.semanticscholar.org/paper/71748d4f03f78d47204bba8346399b9d4f688e14 https://doi.org/10.1038/s41928-023-01020-z https://doi.org/10.1038/s41586-024-08253-8,,
bgrp-504a204349,1,edge-вычисления и периферийный инференс,Технология: memristor-based unified PUF,memristor-based unified PUF,semantic_scholar | SCIENTIFIC_PUBLICATION | HIGH | 2024-03-25 | IMCE: An In-Memory Computing and Encrypting Hardware Architecture for Robust Edge Security || openalex | SCIENTIFIC_PUBLICATION | HIGH | 2025-03-26 | A memristor-based unified PUF and TRNG chip with a concealable ability for advanced edge security || semantic_scholar | SCIENTIFIC_PUBLICATION | HIGH | 2023-08-15 | Machine Learning (ML) assisted Edge security framework on FPGAs,https://www.semanticscholar.org/paper/bda853f5aab7e0155d67719b2d20288ad46f71ab https://doi.org/10.1126/sciadv.adr0112 https://www.semanticscholar.org/paper/e1928af532ad0d4f390c21d25c3fa8d65aa2fc8e,,
bgrp-515e838f22,1,малые модульные ядерные реакторы,Маленькие модульные ядерные реакторы нового поколения,neutronics and thermal-hydraulics,openalex | SCIENTIFIC_PUBLICATION | HIGH | 2025-03-12 | Investigation of neutronic performance of some accident-tolerant fuels for small modular advanced high-temperature reactors || openalex | SCIENTIFIC_PUBLICATION | HIGH | 2023-03-17 | High-fidelity neutronics and thermal-hydraulics analysis of helical cruciform fuel based on small modular FHR || openalex | SCIENTIFIC_PUBLICATION | HIGH | 2024-05-27 | Investigating the possibility of using a mixture of thorium with different fissile materials as a fuel in TRISO particles for the PBMR-400 reactor || openalex | SCIENTIFIC_PUBLICATION | HIGH | 2023-11-01 | The technology of suppression containment for the SMR in floating nuclear power plants against hydrogen risk,https://doi.org/10.1016/j.nucengdes.2025.113997 https://doi.org/10.1016/j.pnucene.2023.104633 https://doi.org/10.1016/j.pnucene.2024.105293 https://doi.org/10.1016/j.anucene.2023.110200,,
bgrp-99ad3edd99,1,агророботы и точное земледелие,Роботизированные системы для сельского хозяйства,agricultural robot system,openalex | SCIENTIFIC_PUBLICATION | HIGH | 2024-08-22 | Advances in ground robotic technologies for site-specific weed management in precision agriculture: A review || openalex | SCIENTIFIC_PUBLICATION | HIGH | 2023-09-25 | Fusing vegetation index and ridge segmentation for robust vision based autonomous navigation of agricultural robots in vegetable farms || openalex | SCIENTIFIC_PUBLICATION | HIGH | 2025-01-22 | A lightweight pineapple detection network based on YOLOv7-tiny for agricultural robot system || openalex | SCIENTIFIC_PUBLICATION | HIGH | 2023-08-14 | An extensive review on agricultural robots with a focus on their perception systems,https://doi.org/10.1016/j.compag.2024.109363 https://doi.org/10.1016/j.compag.2023.108235 https://doi.org/10.1016/j.compag.2025.109944 https://doi.org/10.1016/j.compag.2023.108146,,
bgrp-f507d073ef,1,нейроморфные процессоры,Нейроморфные чипы: архитектура и методы моделирования,Neuromorphic Chips,rospatent | PATENT | HIGH | 2024-01-04 | ERROR-TRIGGERED LEARNING OF MULTI-LAYER MEMRISTIVE SPIKING NEURAL NETWORKS || semantic_scholar | SCIENTIFIC_PUBLICATION | HIGH | 2023-10-15 | Recent Progress on Signal Integrity Modeling of Neuromorphic Chips by the PEEC Method || semantic_scholar | SCIENTIFIC_PUBLICATION | HIGH | 2023-06-01 | Modeling and Analysis of Spike Signal Sequence for Memristor Crossbar Array in Neuromorphic Chips || semantic_scholar | SCIENTIFIC_PUBLICATION | HIGH | 2024-05-01 | A Scalable Area-Efficient Low-Delay Asynchronous AER Circuits Design for Neuromorphic Chips,https://searchplatform.rospatent.gov.ru/doc/US20240005162A1_20240104 https://www.semanticscholar.org/paper/8ea3c2a91f8806b7ea3abe1630627d98b25f13f9 https://www.semanticscholar.org/paper/39fdf9b3250690300cd37bedd6034eb628804bbc https://www.semanticscholar.org/paper/45080a91dc6a8b1b686932e9d58c59131ca869ad,,
bgrp-bf7c7f18ee,1,фотонные вычисления,Многомерные фотонные вычисления,multidimensional photonic computing,"openalex | SCIENTIFIC_PUBLICATION | HIGH | 2025-07-08 | The potential of multidimensional photonic computing || openalex | SCIENTIFIC_PUBLICATION | HIGH | 2024-05-01 | Nonlinear and quantum photonics using integrated optical materials || openalex | SCIENTIFIC_PUBLICATION | HIGH | 2023-07-04 | Strong simulation of linear optical processes || openalex | SCIENTIFIC_PUBLICATION | HIGH | 2024-01-04 | Photonic generation of microwave waveform using delay feedback photonic reservoir computing system with SOA || openalex | SCIENTIFIC_PUBLICATION | HIGH | 2023-01-17 | Graphene oxide for photonics, electronics and optoelectronics",https://doi.org/10.1038/s42254-025-00843-3 https://doi.org/10.1038/s41578-024-00668-z https://doi.org/10.1016/j.cpc.2023.108848 https://doi.org/10.1016/j.optlastec.2023.110465 https://doi.org/10.1038/s41570-022-00458-7,,
bgrp-20747062e4,1,твердотельные лидары,Твердотельные лидары на основе фазированных антенных решеток,optical phased arrays,openalex | SCIENTIFIC_PUBLICATION | HIGH | 2024-01-09 | SiN-on-SOI Optical Phased Array LiDAR for Ultra-Wide Field of View and 4D Sensing || openalex | SCIENTIFIC_PUBLICATION | HIGH | 2025-05-08 | Progress and prospects for LiDAR-oriented optical phased arrays based on photonic integrated circuits,http://arxiv.org/abs/2401.04335 https://doi.org/10.1038/s44310-025-00059-4,,
bgrp-e45bd78801,1,перспективные решения в финтехе,Оценка криптовалют как перспективного направления в финтехе,Evaluation of Cryptocurrencies,semantic_scholar | SCIENTIFIC_PUBLICATION | HIGH | 2025-08-08 | A Comparative Empirical Evaluation of Cryptocurrencies Across Diverse Factors || openalex | SCIENTIFIC_PUBLICATION | HIGH | 2025-01-04 | Beyond Bitcoin: A Taxonomy of Cryptocurrencies in a Historical Perspective || openalex | SCIENTIFIC_PUBLICATION | HIGH | 2023-01-18 | HYBRID MODEL FOR CRYPTOCURRENCY INVESTMENT STRATEGIES || openalex | SCIENTIFIC_PUBLICATION | HIGH | 2024-04-24 | Global Trends in Cryptocurrency Regulation: An Overview,https://www.semanticscholar.org/paper/17d260d964e7c7a5b591bfb8320b8a9e95a93f66 https://doi.org/10.26794/2587-5671-2024-28-6-122-133 http://dx.doi.org/10.55906/rcdhv8n1-004 http://arxiv.org/abs/2404.15895,,
bgrp-bd13bc0245,1,защита и безопасность систем искусственного интеллекта,ai-safe2-framework: управление безопасностью и идентификацией агентного ИИ,CyberStrategyInstitute ai-safe2-framework,"semantic_scholar | SCIENTIFIC_PUBLICATION | HIGH | 2025-10-29 | Identity Management for Agentic AI: The new frontier of authorization, authentication, and security for an AI agent world || github | CODE_REPOSITORY | MEDIUM | 2025-12-12 | CyberStrategyInstitute/ai-safe2-framework",https://www.semanticscholar.org/paper/c482e9aa341ecd5dbf545aa16df9c6815aa55650 https://github.com/CyberStrategyInstitute/ai-safe2-framework,,
bgrp-e96ed3b81f,1,твердотельные лидары,Калibrированные твердотельные лидарные системы,КАЛИБРОВКИ ЛИДАРНОЙ СИСТЕМЫ,rospatent | PATENT | HIGH | 2024-11-08 | ЛИДАРНАЯ СИСТЕМА И СПОСОБ КАЛИБРОВКИ ЛИДАРНОЙ СИСТЕМЫ || rospatent | PATENT | HIGH | 2023-06-21 | Лидарные системы и способы,https://searchplatform.rospatent.gov.ru/doc/RU2829904C1_20241108 https://searchplatform.rospatent.gov.ru/doc/RU2798363C2_20230621,,
bgrp-d05728c9f0,1,улавливание и хранение углерода,Технология: carbon capture,carbon capture,"openalex | SCIENTIFIC_PUBLICATION | HIGH | 2023-03-01 | Review of carbon capture and storage technologies in selected industries: potentials and challenges || openalex | SCIENTIFIC_PUBLICATION | HIGH | 2023-09-20 | Geologic carbon dioxide sequestration methods, opportunities, and impacts || openalex | SCIENTIFIC_PUBLICATION | HIGH | 2023-11-25 | Harnessing soil carbon sequestration to address climate change challenges in agriculture || openalex | SCIENTIFIC_PUBLICATION | HIGH | 2024-03-18 | Integration of carbon emission reduction policies and technologies: Research progress on carbon capture, utilization and storage technologies || openalex | SCIENTIFIC_PUBLICATION | HIGH | 2025-02-08 | Transitioning the mining sector: A review of renewable energy integration and carbon footprint reduction strategies",https://doi.org/10.1007/s11157-023-09649-0 https://doi.org/10.1016/j.coche.2023.100957 https://doi.org/10.1016/j.still.2023.105959 https://doi.org/10.1016/j.seppur.2024.127153 https://doi.org/10.1016/j.apenergy.2025.125484,,
bgrp-b51a3f6024,1,малые модульные ядерные реакторы,Технология: NUCLEAR REACTORS,NUCLEAR REACTORS,rospatent | PATENT | HIGH | 2023-04-20 | DEVICE FOR CONTROLLING A PLURALITY OF NUCLEAR REACTORS IN CLUSTERS || rospatent | PATENT | HIGH | 2024-06-13 | REFUELLING A NUCLEAR REACTOR || rospatent | PATENT | HIGH | 2024-02-13 | Nuclear reactor with in-vessel ex-core neutron detectors and corresponding control method,https://searchplatform.rospatent.gov.ru/doc/US20230118891A1_20230420 https://searchplatform.rospatent.gov.ru/doc/US20240194362A1_20240613 https://searchplatform.rospatent.gov.ru/doc/US0011901089B2_20240213,,
bgrp-2468cfea07,1,квантовые сенсоры для навигации,Технология: NMR Co Magnetometers,NMR Co Magnetometers,semantic_scholar | SCIENTIFIC_PUBLICATION | HIGH | 2024-03-14 | Atomic Comagnetometer Gyroscopes for Inertial Navigation Systems: A Review || semantic_scholar | SCIENTIFIC_PUBLICATION | HIGH | 2025-03-20 | Quantum‐enhanced NMR Co‐Magnetometers Based on Encounter‐propagating Pump Beams || semantic_scholar | SCIENTIFIC_PUBLICATION | HIGH | 2025-05-24 | Dynamically Polarized SERF Atomic Comagnetometer || semantic_scholar | SCIENTIFIC_PUBLICATION | HIGH | 2024-09-01 | Measuring Transverse Relaxation with a Single-Beam 894 nm VCSEL for Cs-Xe NMR Gyroscope Miniaturization || semantic_scholar | SCIENTIFIC_PUBLICATION | HIGH | 2026-01-01 | Performance Analysis of a Novel Cylindrical Nanocrystalline Shield for Enhancing Measurement Precision of Weak Magnetic Fields and Rotational Dynamics,https://www.semanticscholar.org/paper/ccc96df0b2d793639712ad2cb4c24f01a807015b https://www.semanticscholar.org/paper/fe6c953f81922c15c61b8e7b812fdb8ce1ab0d4d https://www.semanticscholar.org/paper/122a706e3750a764a2caa7841e1bd2a41e9c6a6f https://www.semanticscholar.org/paper/1af0a374b3e97e1d18c6aea2a173a906092372be https://www.semanticscholar.org/paper/936457dd2ec9393775bd7646b02b33665ce6942f,,
bgrp-ac74dc8a33,1,нейроморфные процессоры,Применение нейроморфных систем в правоохранительных органах и дата-центрах,Применения нейроморфных систем,"openalex | SCIENTIFIC_PUBLICATION | HIGH | 2026-01-01 | Нейроморфные вычисления и нейроморфные алгоритмы поиска на ресурсах перспективных дата-центров специального назначения: сущность, проблемы и возможные подходы к реализации || openalex | SCIENTIFIC_PUBLICATION | HIGH | 2024-01-01 | Применения нейроморфных систем (спайковых нейронных систем) при инкриминировании уголовно – правовых норм",https://cyberleninka.ru/article/n/neyromorfnye-vychisleniya-i-neyromorfnye-algoritmy-poiska-na-resursah-perspektivnyh-data-tsentrov-spetsialnogo-naznacheniya http://doi.org/10.18411/trnio-01-2024-271,,
bgrp-1ebfe124d2,1,биопечать тканей и органов,Технология: Robotic Bioprinting Framework,Robotic Bioprinting Framework,openalex | SCIENTIFIC_PUBLICATION | HIGH | 2026-09-10 | An Automated Thickness Evaluation Procedure Using an Integrated Structured Light 3D Camera in a Robotic Bioprinting Framework || openalex | SCIENTIFIC_PUBLICATION | HIGH | 2026-09-10 | A Physics-Based Closed-Loop Robotic Bioprinting Framework Towards Volumetric Muscle Loss Treatment || openalex | SCIENTIFIC_PUBLICATION | HIGH | 2025-09-08 | BioLite U-Net: Edge-Deployable Semantic Segmentation for In Situ Bioprinting Monitoring || openalex | SCIENTIFIC_PUBLICATION | HIGH | 2023-07-04 | Advancing Wound Filling Extraction on 3D Faces: Auto-Segmentation and Wound Face Regeneration Approach,https://arxiv.org/abs/2609.12206 https://arxiv.org/abs/2609.12159 http://arxiv.org/abs/2509.06690 http://arxiv.org/abs/2307.01844,,
bgrp-8baf0bff6b,1,натрий-ионные аккумуляторы,Использование графена и материалов на основе MoS2 в натрий-ионных аккумуляторах,графена в натрий-ионных,openalex | SCIENTIFIC_PUBLICATION | HIGH | 2025-08-15 | Синтез и электрохимические свойства пористых азотсодержащих углеродных материалов в литий- и натрий-ионных конденсаторах при низких температурах || openalex | SCIENTIFIC_PUBLICATION | HIGH | 2025-08-15 | Влияние легирования Co материалов на основе MoS2 и графена в натрий-ионных аккумуляторах,https://doi.org/10.26902/graphene-25-053 https://doi.org/10.26902/graphene-25-122,,
bgrp-edf028044c,1,метаматериалы и метаповерхности,Метаматериалы и метаповерхности: инновационные структуры для управления электромагнитными волнами,metamaterials and metasurfaces,openalex | SCIENTIFIC_PUBLICATION | HIGH | 2023-03-21 | Hierarchical re-entrant honeycomb metamaterial for energy absorption and vibration insulation || openalex | SCIENTIFIC_PUBLICATION | HIGH | 2024-01-03 | Roadmap on electromagnetic metamaterials and metasurfaces || openalex | SCIENTIFIC_PUBLICATION | HIGH | 2025-03-01 | Origami-inspired highly impact-resistant metamaterial with loading-associated mechanism and localization mitigation || openalex | SCIENTIFIC_PUBLICATION | HIGH | 2024-06-25 | Cement-based biomimetic metamaterials || rospatent | PATENT | HIGH | 2023-09-20 | Metamaterial-engabled beam scanning antenna,https://doi.org/10.1016/j.ijmecsci.2023.108307 https://doi.org/10.1088/2515-7647/ad1a3b https://doi.org/10.1016/j.ijmecsci.2025.110114 https://doi.org/10.1016/j.jobe.2024.110050 https://searchplatform.rospatent.gov.ru/doc/GB0002616670A_20230920,,
bgrp-e700ffa557,1,биопечать тканей и органов,Биомиметическое восстановление нервной ткани методом биопечати,Biomimetic Neural Reconstruction,openalex | SCIENTIFIC_PUBLICATION | HIGH | 2024-02-01 | 3D bioprinting of human neural tissues with functional connectivity || zenodo | PREPRINT | MEDIUM | 2026-09-04 | Patient-Specific Biomimetic Neural Reconstruction for Traumatic Brain Injury,https://doi.org/10.1016/j.stem.2023.12.009 https://zenodo.org/records/22307845,,
bgrp-cf1df6efda,1,нейроморфные процессоры,"Нейроморфные процессоры: инновационные вычисления, вдохновлённые биологией",нейроморфным чипам введение,openalex | SCIENTIFIC_PUBLICATION | HIGH | 2025-04-30 | ПЕРСПЕКТИВЫ ПРИМЕНЕНИЯ МОДЕЛИ ДОМИНАНТЫ АКАДЕМИКА А.А. УХТОМСКОГО В НЕЙРОМОРФНЫХ СИСТЕМАХ ИСКУССТВЕННОГО ИНТЕЛЛЕКТА || openalex | SCIENTIFIC_PUBLICATION | HIGH | 2026-06-30 | НЕЙРОМОРФНЫЕ ПОДХОДЫ К РЕШЕНИЮ ПРОБЛЕМ С БОЛЬШИМИ ДАННЫМИ || openalex | SCIENTIFIC_PUBLICATION | HIGH | 2024-01-01 | От биологических нейронов к нейроморфным чипам: введение в новые горизонты искусственного интеллекта,https://doi.org/10.25633/etn.2025.04.01 https://doi.org/10.22184/1993-8578.2026.19.13s.676.679 https://doi.org/10.15862/53mnnpm24,,
bgrp-9f4bb384b6,1,перспективные решения в финтехе,Технология: DeFi Smart Contracts,DeFi Smart Contracts,openalex | SCIENTIFIC_PUBLICATION | HIGH | 2023-07-31 | Smart Contracts and Decentralized Finance || openalex | SCIENTIFIC_PUBLICATION | HIGH | 2023-11-02 | A Comprehensive Study of Governance Issues in Decentralized Finance Applications || openalex | SCIENTIFIC_PUBLICATION | HIGH | 2023-02-13 | Smart Contracts in Blockchain Technology: A Critical Review || openalex | SCIENTIFIC_PUBLICATION | HIGH | 2023-05-28 | Understanding Blockchain Governance: Analyzing Decentralized Voting to Amend DeFi Smart Contracts,https://doi.org/10.1146/annurev-financial-110921-022806 http://arxiv.org/abs/2311.01433 https://doi.org/10.3390/info14020117 http://arxiv.org/abs/2305.17655,,
bgrp-fbc9bb5c44,1,фотонные вычисления,Технология: photonic reservoir computing,photonic reservoir computing,"openalex | SCIENTIFIC_PUBLICATION | HIGH | 2024-02-28 | Photonic Reservoir Computing System for Pattern Recognition Based on an Array of Four Distributed Feedback Lasers || openalex | SCIENTIFIC_PUBLICATION | HIGH | 2023-08-08 | Performance-enhanced time-delayed photonic reservoir computing system using a reflective semiconductor optical amplifier || zenodo | PREPRINT | MEDIUM | 2025-03-25 | Real-time all-optical signal equalisation with silicon photonic recurrent neural networks || zenodo | PREPRINT | MEDIUM | 2026-08-30 | Reservoir Computing perspective: dynamics, neuroscience, and physical systems || rospatent | PATENT | HIGH | 2023-08-10 | Per-span optical fiber nonlinearity compensation using integrated photonic computing",https://doi.org/10.1021/acsphotonics.4c00015 https://doi.org/10.1364/oe.495697 https://zenodo.org/records/20848283 https://zenodo.org/records/22178685 https://searchplatform.rospatent.gov.ru/doc/US20230254041A1_20230810,,
bgrp-cf9d3b1748,1,малые модульные ядерные реакторы,Маленькие модульные ядерные реакторы (SMRs): интеграция с технологиями захвата углерода и водородопроизводством,Modular Reactors SMRs,"openalex | SCIENTIFIC_PUBLICATION | HIGH | 2023-11-30 | Techno-economic analysis of direct air carbon capture and hydrogen production integrated with a small modular reactor || openalex | SCIENTIFIC_PUBLICATION | HIGH | 2023-04-27 | Nuclear Power Plant to Support Indonesia’s Net Zero Emissions: A Case Study of Small Modular Reactor Technology Selection Using Technology Readiness Level and Levelized Cost of Electricity Comparing Method || zenodo | PREPRINT | MEDIUM | 2026-08-27 | Co-Generation Architecture for Integrated Small Modular Reactors (SMRs), Solid-Sorbent Direct Air Capture, and Subterranean Basalt Mineralization",https://doi.org/10.1016/j.apenergy.2023.122407 https://doi.org/10.3390/en16093752 https://zenodo.org/records/22130451,,
bgrp-7e277d223d,1,улавливание и хранение углерода,Мембраны смешанного матричного типа для улавливания и хранения углерода,Membranes for Carbon,"zenodo | PREPRINT | MEDIUM | 2025-08-22 | Bacterial, Regenerated, and Carbonized Cellulose as Sustainable Components for Lithium- and Sodium Ion Batteries || openalex | SCIENTIFIC_PUBLICATION | HIGH | 2023-05-15 | Mixed Matrix Membranes for Carbon Capture and Sequestration: Challenges and Scope",https://zenodo.org/records/17355593 https://doi.org/10.1021/acsomega.3c01666,,
bgrp-6f647fb6b0,1,гибкая и печатная электроника,Гибкая и растягиваемая печатная электроника на основе экологичных материалов,flexible electronics,semantic_scholar | SCIENTIFIC_PUBLICATION | HIGH | 2025-01-01 | Eco-friendly Flexible and Stretchable Printed Electronics based on Sustainable Elastic Substrate and Ink || semantic_scholar | SCIENTIFIC_PUBLICATION | HIGH | 2025-01-01 | Development of Screen-Printed Graphene-Based Ink Electrodes for flexible electronics,https://www.semanticscholar.org/paper/bfb7a7e0964a578e0cb538e0460f3434a5b85d7f https://www.semanticscholar.org/paper/cfe7f37d132a3a3f0c2503abea720b1dff298e30,,
bgrp-6419edc66a,1,защита и безопасность систем искусственного интеллекта,Интеллектуальная динамическая система управления киберрисками,dynamic cybersecurity risk,semantic_scholar | SCIENTIFIC_PUBLICATION | HIGH | 2025-07-09 | Intelligent dynamic cybersecurity risk management framework with explainability and interpretability of AI models for enhancing security and resilience of digital infrastructure || semantic_scholar | SCIENTIFIC_PUBLICATION | HIGH | 2024-10-10 | AI security and cyber risk in IoT systems || openalex | SCIENTIFIC_PUBLICATION | HIGH | 2023-07-25 | Digital Transformation and Cybersecurity Challenges for Businesses Resilience: Issues and Recommendations || openalex | SCIENTIFIC_PUBLICATION | HIGH | 2024-07-30 | Securing modern power systems: Implementing comprehensive strategies to enhance resilience and reliability against cyber-attacks,https://www.semanticscholar.org/paper/08cb8220aa115d0e8357b20459291228c0624f91 https://www.semanticscholar.org/paper/a037ef29d0548aab2ef6e698843b915387736583 https://doi.org/10.3390/s23156666 https://doi.org/10.1016/j.rineng.2024.102647,,
bgrp-408ad2e10b,1,умные электросети и виртуальные электростанции,Переосмысление Энергетического Интернета,Energy Internet Redefinition,github | CODE_REPOSITORY | MEDIUM | 2025-07-10 | Zian-Surani/Energy-Internet || openalex | SCIENTIFIC_PUBLICATION | HIGH | 2024-08-01 | Energy Internet: Redefinition and categories,https://github.com/Zian-Surani/Energy-Internet https://doi.org/10.1049/ein2.12008,,
bgrp-9139a3146a,1,постквантовая криптография,Вариационные квантовые вычисления,Variational Quantum Computing,openalex | SCIENTIFIC_PUBLICATION | HIGH | 2024-05-01 | Barren Plateaus in Variational Quantum Computing || openalex | SCIENTIFIC_PUBLICATION | HIGH | 2023-06-15 | A Review on Quantum Approximate Optimization Algorithm and its Variants,http://arxiv.org/abs/2405.00781 http://arxiv.org/abs/2306.09198,,
bgrp-a92b208b7d,1,фотонные вычисления,Технология: Deep Learning Hardware,Deep Learning Hardware,"openalex | SCIENTIFIC_PUBLICATION | HIGH | 2023-07-17 | New trends in photonic switching and optical networking architectures for data centers and computing systems [Invited] || openalex | SCIENTIFIC_PUBLICATION | HIGH | 2023-06-27 | A Survey on Deep Learning Hardware Accelerators for Heterogeneous HPC Platforms || zenodo | PREPRINT | MEDIUM | 2026-09-20 | Physical Limits of Hyperscale Data Centers and a Theoretical Framework for Sustainable Computing via Edge Decentralization, Photonic Convergence, and Neuromorphic Co-Design",https://doi.org/10.1364/jocn.484577 http://arxiv.org/abs/2306.15552 https://zenodo.org/records/22862419,,
bgrp-6d128033ec,1,edge-вычисления и периферийный инференс,Технология: Benchmarking Lightweight AI-Agent,Benchmarking Lightweight AI-Agent,"openalex | SCIENTIFIC_PUBLICATION | HIGH | 2023-07-18 | The ExaNeSt Prototype: Evaluation of Efficient HPC Communication Hardware in an ARM-based Multi-FPGA Rack || zenodo | PREPRINT | HIGH | 2026-06-08 | Benchmarking Lightweight AI-Agent Frameworks on a 2 GB Raspberry Pi 4: Framework Overhead, Offline Feasibility, and Fleet Density || openalex | SCIENTIFIC_PUBLICATION | HIGH | 2023-09-14 | Comparison of Middlewares in Edge-to-Edge and Edge-to-Cloud Communication for Distributed ROS2 Systems",http://arxiv.org/abs/2307.09371 https://zenodo.org/records/20593332 http://arxiv.org/abs/2309.07496,,
bgrp-85bc1cc614,1,edge-вычисления и периферийный инференс,Protection Proxy SEPP: защита периметра сети на границе (Edge),protection proxy SEPP,"rospatent | PATENT | HIGH | 2024-02-29 | DYNAMIC CONFIGURATION AND DISCOVERY OF SECURITY EDGE PROTECTION PROXY || rospatent | PATENT | HIGH | 2023-10-05 | SELECTION OF A SECURITY EDGE PROTECTION PROXY || rospatent | PATENT | HIGH | 2023-01-10 | Methods, systems, and computer readable media for mitigating 5G roaming security attacks using security edge protection proxy (SEPP)",https://searchplatform.rospatent.gov.ru/doc/US20240073103A1_20240229 https://searchplatform.rospatent.gov.ru/doc/US20230319568A1_20231005 https://searchplatform.rospatent.gov.ru/doc/US0011553342B2_20230110,,
bgrp-8a283d743f,1,генная терапия на основе CRISPR,Технология: 내로 CRISPR Cas9의,내로 CRISPR Cas9의,"rospatent | PATENT | HIGH | 2025-01-03 | CRISPR/Cas9 시스템을 이용한, PRR1 유전자 교정 식물 제조방법 || rospatent | PATENT | HIGH | 2023-04-27 | 숙주 세포 단백질의 CRISPR/Cas9 다중 녹아웃 || rospatent | PATENT | HIGH | 2023-03-15 | CRISPR/Cas9 매개 폴리시스트론성 종양유전자 발현 벡터 및 이를 이용한 동물 종양 모델 || rospatent | PATENT | HIGH | 2025-03-04 | tracrRNA 유닛, 및 게놈 편집 방법 || rospatent | PATENT | HIGH | 2023-01-02 | CRISPR/Cas9 리보핵산단백질 기반 현사시나무 유전자 교정용 조성물 및 이의 이용",https://searchplatform.rospatent.gov.ru/doc/KR20250000111A_20250103 https://searchplatform.rospatent.gov.ru/doc/KR20230056766A_20230427 https://searchplatform.rospatent.gov.ru/doc/KR20230036561A_20230315 https://searchplatform.rospatent.gov.ru/doc/KR20250029023A_20250304 https://searchplatform.rospatent.gov.ru/doc/KR102482937B1_20230102,,
bgrp-e6850fb6ba,1,улавливание и хранение углерода,Применение биоугля для улавливания и хранения углерода,Application of Biochar,"openalex | SCIENTIFIC_PUBLICATION | HIGH | 2023-06-29 | The Application of Biochar for CO 2 Capture: Influence of Biochar Preparation and CO 2 Capture Reactors || openalex | SCIENTIFIC_PUBLICATION | HIGH | 2023-07-07 | Biochar for Soil Carbon Sequestration: Current Knowledge, Mechanisms, and Future Perspectives",https://doi.org/10.1021/acs.iecr.3c00445 https://doi.org/10.3390/c9030067,,
bgrp-f421e1d73e,1,генная терапия на основе CRISPR,Технология: CRISPR Gene Therapy,CRISPR Gene Therapy,github | CODE_REPOSITORY | MEDIUM | 2026-01-23 | JukkaMK/CRISPR-Cas-Gene-Therapy-Article || github | CODE_REPOSITORY | MEDIUM | 2026-09-11 | iamprexa-boop/crispr-genetic-therapy || semantic_scholar | SCIENTIFIC_PUBLICATION | HIGH | 2024-06-13 | The realization of CRISPR Gene Therapy || github | CODE_REPOSITORY | MEDIUM | 2025-10-22 | edwin-april/GeneEdit || zenodo | PREPRINT | MEDIUM | 2025-01-12 | Development of a CRISPR-Cas9-Based Gene Therapy for Autonomous Dental Regeneration,https://github.com/JukkaMK/CRISPR-Cas-Gene-Therapy-Article https://github.com/iamprexa-boop/crispr-genetic-therapy https://www.semanticscholar.org/paper/cbb20a55dd067721b1cdbe0337c31c2fbda7c4df https://github.com/edwin-april/GeneEdit https://zenodo.org/records/14635343,,
bgrp-fcd0dde903,1,постквантовая криптография,Алгоритм цифровой подписи SLH-DSA для постквантовой криптографии,Signature Algorithm SLH-DSA,openalex | SCIENTIFIC_PUBLICATION | HIGH | 2025-12-01 | Internet X.509 Public Key Infrastructure -- Algorithm Identifiers for the Stateless Hash-Based Digital Signature Algorithm (SLH-DSA) || github | CODE_REPOSITORY | MEDIUM | 2026-03-10 | FiloSottile/mldsa-py,https://doi.org/10.17487/rfc9909 https://github.com/FiloSottile/mldsa-py,,
bgrp-c1485cd78d,1,квантовые сенсоры для навигации,Многопараметрическая квантовая метрология для навигационных приложений,Multiparameter quantum metrology,openalex | SCIENTIFIC_PUBLICATION | HIGH | 2024-04-23 | Quantum metrology of rotations with mixed spin states || openalex | SCIENTIFIC_PUBLICATION | HIGH | 2024-08-27 | Review: Quantum Metrology and Sensing with Many-Body Systems || openalex | SCIENTIFIC_PUBLICATION | HIGH | 2024-06-15 | Multiparameter quantum metrology with bright solitons,http://arxiv.org/abs/2404.15548 http://arxiv.org/abs/2408.15323 https://doi.org/10.31857/s0367676524060022,,
bgrp-e6bddd6ce8,1,метаматериалы и метаповерхности,Применение поликристаллических алмазных пленок для детектирования излучения,Применение поликристаллических,"openalex | SCIENTIFIC_PUBLICATION | HIGH | 2025-08-15 | Получение, исследование и применение пленок двумерных материалов MoS2, WS2 || openalex | SCIENTIFIC_PUBLICATION | HIGH | 2025-08-15 | Синтез и исследование металл-углеродных систем в реакции гидрирования СО2 в различных условиях || openalex | SCIENTIFIC_PUBLICATION | HIGH | 2025-08-15 | Применение поликристаллических алмазных пленок для детектирования рентгеновского и оптического излучения || openalex | SCIENTIFIC_PUBLICATION | HIGH | 2025-08-15 | Одностадийная процедура введения азота в углеродные материалы обработкой в NO || openalex | SCIENTIFIC_PUBLICATION | HIGH | 2025-08-15 | Функциональные монокристаллы алмаза: рост, реальная структура, свойства и применение",https://doi.org/10.26902/graphene-25-001 https://doi.org/10.26902/graphene-25-125 https://doi.org/10.26902/graphene-25-102 https://doi.org/10.26902/graphene-25-068 https://doi.org/10.26902/graphene-25-023,,
bgrp-46334451be,1,фотонные вычисления,Фотонные интегральные схемы,ФОТОННЫХ ИНТЕГРАЛЬНЫХ СХЕМ,"rospatent | PATENT | HIGH | 2023-10-19 | Устройство контроля фазовых сдвигов излучения в интегральных схемах на базе несимметричного интерферометра Маха-Цендера || openalex | SCIENTIFIC_PUBLICATION | HIGH | 2026-06-30 | ФУНКЦИОНАЛЬНО ОРИЕНТИРОВАННЫЕ ФОТОННЫЕ ИНТЕГРАЛЬНЫЕ СХЕМЫ БОРТОВОГО ПРИМЕНЕНИЯ || openalex | SCIENTIFIC_PUBLICATION | HIGH | 2026-06-30 | СИСТЕМА МАТЕРИАЛОВ GAP (N, BI, AS) ДЛЯ ПАССИВНЫХ И АКТИВНЫХ ЭЛЕМЕНТОВ ФОТОННЫХ ИНТЕГРАЛЬНЫХ СХЕМ",https://searchplatform.rospatent.gov.ru/doc/RU2805561C1_20231019 https://doi.org/10.22184/1993-8578.2026.19.13s.93.99 https://doi.org/10.22184/1993-8578.2026.19.13s.467.468,,
bgrp-fd4d15d193,1,инфраструктура для искусственного интеллекта и дата-центры,Технология: Waste-to-Energy-Coupled AI Data,Waste-to-Energy-Coupled AI Data,openalex | SCIENTIFIC_PUBLICATION | HIGH | 2025-12-31 | Waste-to-Energy-Coupled AI Data Centers: Cooling Efficiency and Grid Resilience || zenodo | PREPRINT | MEDIUM | 2026-07-08 | Thermodynamic Reversibility in O(1) Stateless Computing: Micro-watt vQPU Architecture via Adiabatic Charge-Recovery Logic (ACRL) || zenodo | PREPRINT | MEDIUM | 2026-06-12 | The AI1 Design Point: A Bounds-Based Analysis of SpaceX's Orbital Data-Center Satellite,https://doi.org/10.48550/arxiv.2512.24683 https://zenodo.org/records/21269243 https://zenodo.org/records/20670772,,
bgrp-cbbc3685a4,1,NFT и метавселенная,Блокчейн-помощническая безопасная семантическая коммуникация в метавселенной,Blockchain-aided Secure Semantic,openalex | SCIENTIFIC_PUBLICATION | HIGH | 2023-02-17 | Towards Zero-trust Security for the Metaverse || openalex | SCIENTIFIC_PUBLICATION | HIGH | 2023-01-04 | MetaSecure: A Passwordless Authentication for the Metaverse || openalex | SCIENTIFIC_PUBLICATION | HIGH | 2023-01-25 | Blockchain-aided Secure Semantic Communication for AI-Generated Content in Metaverse,http://arxiv.org/abs/2302.08885 http://arxiv.org/abs/2301.01770 http://arxiv.org/abs/2301.11289,,
bgrp-273211825d,1,гибкая и печатная электроника,Органические полупроводники для гибкой электроники,organic semiconductors,semantic_scholar | SCIENTIFIC_PUBLICATION | HIGH | 2024-09-30 | High-mobility emissive organic semiconductors: an emerging class of multifunctional materials || openalex | SCIENTIFIC_PUBLICATION | HIGH | 2023-08-31 | Thickness control of organic semiconductor-incorporated perovskites || openalex | SCIENTIFIC_PUBLICATION | HIGH | 2023-09-13 | Nanocellulose-graphene composites: Preparation and applications in flexible electronics || semantic_scholar | SCIENTIFIC_PUBLICATION | HIGH | 2025-01-01 | Organic Semiconductors based Wearable Bioelectronics || openalex | SCIENTIFIC_PUBLICATION | HIGH | 2024-03-16 | Progress in flexible supercapacitors for wearable electronics using graphene-based organic frameworks,https://www.semanticscholar.org/paper/9feb05e64bbc2a8e4067fd8977076f8d618b0ca9 https://doi.org/10.1038/s41557-023-01311-0 https://doi.org/10.1016/j.ijbiomac.2023.126903 https://www.semanticscholar.org/paper/2a61d99319d7d7df712c0dc9ac8ee31685874421 https://doi.org/10.1016/j.est.2024.111260,,
bgrp-922fc16b00,1,гибкая и печатная электроника,Технология: triboelectric nanogenerator based,triboelectric nanogenerator based,semantic_scholar | SCIENTIFIC_PUBLICATION | HIGH | 2025-02-17 | Graphene-Based Vitrimeric Ink with Self-Healing Properties Enables Simple E-Textile Triboelectric Coating Development. || openalex | SCIENTIFIC_PUBLICATION | HIGH | 2024-10-07 | Skin Controlled Electronic and Neuromorphic Tattoos || semantic_scholar | SCIENTIFIC_PUBLICATION | HIGH | 2025-01-01 | A high output triboelectric nanogenerator based on 2D boron nitride nanosheet–PVP composite ink and electrospun cellulose acetate nanofibers for kinetic energy harvesting and self-powered tactile sensing applications,https://www.semanticscholar.org/paper/35c210c0ce1a604ba9ac8376fa88e22a142d1c1c http://arxiv.org/abs/2410.05449 https://www.semanticscholar.org/paper/2f9405af91fed5dba369819f3b37944024b0422b,,
bweb-humanoid-airport-ground-handling,1,робототехника и физический искусственный интеллект,humanoid robots airport ground handling trial,,— | CORPORATE_BLOG | LOW | 2026-05-12 | Humanoid Robotics In 2026: The Race From Pilot To Platform,https://kraneshares.com/humanoid-robotics-in-2026-the-race-from-pilot-to-platform/,,
bgrp-a0ef360a9a,1,edge-вычисления и периферийный инференс,Вычисления на границе сети для транспортных средств (Vehicular Edge Computing),Vehicular Edge Computing,openalex | SCIENTIFIC_PUBLICATION | HIGH | 2023-01-11 | Wireless Powered Mobile Edge Computing Networks: A Survey || openalex | SCIENTIFIC_PUBLICATION | HIGH | 2025-01-06 | Latency and Privacy-Aware Resource Allocation in Vehicular Edge Computing,https://doi.org/10.1145/3579992 http://arxiv.org/abs/2501.02804,,
bgrp-1932faf0d7,1,твердотельные лидары,Технология: integrated photonic FMCW,integrated photonic FMCW,openalex | SCIENTIFIC_PUBLICATION | HIGH | 2023-03-15 | Ultrafast tunable lasers using lithium niobate integrated photonics || openalex | SCIENTIFIC_PUBLICATION | HIGH | 2023-03-01 | Frequency agile photonic integrated external cavity laser || openalex | SCIENTIFIC_PUBLICATION | HIGH | 2023-06-10 | Photonic-electronic integrated circuit-based coherent LiDAR engine || openalex | SCIENTIFIC_PUBLICATION | HIGH | 2023-05-05 | A fully hybrid integrated Erbium-based laser || openalex | SCIENTIFIC_PUBLICATION | HIGH | 2026-05-06 | Photonic-crystal microresonator-based LiDAR engine,https://doi.org/10.1038/s41586-023-05724-2 http://arxiv.org/abs/2303.00425 http://arxiv.org/abs/2306.07990 http://arxiv.org/abs/2305.03652 https://arxiv.org/abs/2605.05069,,
bgrp-13f8e8a7ba,1,нейроморфные процессоры,Технология: Study for Neuromorphic,Study for Neuromorphic,semantic_scholar | SCIENTIFIC_PUBLICATION | HIGH | 2024-06-23 | Low-Complexity Algorithmic Test Generation for Neuromorphic Chips || openalex | SCIENTIFIC_PUBLICATION | HIGH | 2024-03-25 | LLM-based Processor Verification: A Case Study for Neuromorphic Processor || semantic_scholar | SCIENTIFIC_PUBLICATION | HIGH | 2026-08-04 | Open-source asynchronous periphery for mixed-signal neuromorphic chips || semantic_scholar | SCIENTIFIC_PUBLICATION | HIGH | 2024-05-20 | Test Compression for Neuromorphic Chips,https://www.semanticscholar.org/paper/99d85c864a013954d0060f1d2b18e74b26b811ac https://doi.org/10.23919/date58400.2024.10546707 https://www.semanticscholar.org/paper/41fa136d7d568ef115fd8a9c5d2996ea1b9785ed https://www.semanticscholar.org/paper/0a897fd03576f3d07d830ed063fac0652554d98b,,
bgrp-ecf499bc52,1,нейроморфные процессоры,Нейроморфные процессоры для инспекции изделий и сегментации объектов,Neuromorphic Vision-Based Inspection,openalex | SCIENTIFIC_PUBLICATION | HIGH | 2023-04-08 | High Speed Neuromorphic Vision-Based Inspection of Countersinks in Automated Manufacturing Processes || openalex | SCIENTIFIC_PUBLICATION | HIGH | 2023-02-13 | A Neuromorphic Dataset for Object Segmentation in Indoor Cluttered Environment,http://arxiv.org/abs/2304.04108 http://arxiv.org/abs/2302.06301,,
bgrp-2f867982d5,1,фотонные вычисления,Фотонные интегральные схемы,Фотонные интегральные схемы,"openalex | SCIENTIFIC_PUBLICATION | HIGH | 2024-09-22 | Фотонные интегральные схемы для оптических вычислений, коммуникаций и сенсоров || openalex | SCIENTIFIC_PUBLICATION | HIGH | 2024-01-01 | ROADMAPPING THE NEXT GENERATION OF SILICON PHOTONICS || openalex | SCIENTIFIC_PUBLICATION | HIGH | 2025-05-01 | Ответ профессионала-архитектора на вызов искусственного интеллекта",https://doi.org/10.31868/rfl.2024.129 https://doi.org/10.17513/srts.1487 https://doi.org/10.25995/niitiag.2025.24.1.002,,
bgrp-0a974acb06,1,перовскитные солнечные элементы,Перспективы перовскитов для возобновляемой энергетики,perovskites for renewable,"openalex | SCIENTIFIC_PUBLICATION | HIGH | 2024-09-21 | A DFT Approach to Insight on the Structural, Optoelectronic and Thermoelectric Properties of Cubic Perovskites YXO3 (X = Ga, In) for Renewable Energy Applications || openalex | SCIENTIFIC_PUBLICATION | HIGH | 2023-06-12 | First-principle investigations on optoelectronics and thermoelectric properties of lead-free Rb2InSbX6 (X = Cl, Br) double perovskites: for renewable energy applications || openalex | SCIENTIFIC_PUBLICATION | HIGH | 2024-04-17 | A theoretical study of stable direct band gap double perovskites X2YIO6 (X = K, Rb) for renewable energy applications || openalex | SCIENTIFIC_PUBLICATION | HIGH | 2024-09-09 | Perovskite nanocomposites: synthesis, properties, and applications from renewable energy to optoelectronics || openalex | SCIENTIFIC_PUBLICATION | HIGH | 2024-01-01 | A DFT exploration of the optoelectronic and thermoelectric features of a novel halide double perovskite A 2 YAuI 6 (A = Rb, Cs) for solar cell and renewable energy applications",https://doi.org/10.1007/s10904-024-03362-3 https://doi.org/10.1140/epjp/s13360-023-04137-4 https://doi.org/10.1007/s11082-024-06917-3 https://doi.org/10.1186/s40580-024-00440-7 https://doi.org/10.1039/d4ma00090k,,
bgrp-db45a6c296,1,малые модульные ядерные реакторы,Модульный проточный микрофлюидный реактор,ПРОТОЧНЫЙ МИКРОФЛЮИДНЫЙ РЕАКТОР,"rospatent | PATENT | HIGH | 2023-11-21 | МОДУЛЬНЫЙ ПРОТОЧНЫЙ МИКРОФЛЮИДНЫЙ РЕАКТОР ДЛЯ ПРОВЕДЕНИЯ ХИМИЧЕСКИХ РЕАКЦИЙ ПРИ ВЫСОКИХ ДАВЛЕНИИ И ТЕМПЕРАТУРЕ || rospatent | PATENT | HIGH | 2023-10-26 | Проточная модульная конфигурируемая ячейка, совместимая с микрофлюидной системой, для проведения химической реакции синтеза метан-метанол на наночастицах золота/платины/рутения и in situ/in operando диагностики протекания процесса, осуществляемой рентгеновскими и оптическими методами ИК- UV-Vis, XAS, XRD, SAXS, и способ её изготовления || rospatent | PATENT | HIGH | 2025-09-05 | Микрофлюидное устройство смешения || rospatent | PATENT | HIGH | 2025-07-17 | Устройство для производства радиофармпрепаратов на основе фтора-18 || rospatent | PATENT | HIGH | 2024-10-07 | Способ получения реакторного порошка сверхвысокомолекулярного полиэтилена со специальной морфологией и наноструктурой, пригодного к переработке по прямой безрастворной твердофазной технологии в сверхвысокопрочные сверхвысокомодульные изделия",https://searchplatform.rospatent.gov.ru/doc/RU2807773C1_20231121 https://searchplatform.rospatent.gov.ru/doc/RU2806143C1_20231026 https://searchplatform.rospatent.gov.ru/doc/RU2846452C1_20250905 https://searchplatform.rospatent.gov.ru/doc/RU2843653C1_20250717 https://searchplatform.rospatent.gov.ru/doc/RU2828113C1_20241007,,
bgrp-42c8376685,1,защита и безопасность систем искусственного интеллекта,Инструменты защиты искусственного интеллекта: cosai-oasis secure-ai-tooling,cosai-oasis secure-ai-tooling,github | CODE_REPOSITORY | MEDIUM | 2024-10-23 | cosai-oasis/ws1-supply-chain || github | CODE_REPOSITORY | MEDIUM | 2025-05-30 | cosai-oasis/secure-ai-tooling || github | CODE_REPOSITORY | MEDIUM | 2025-07-09 | ouspg/AVISE || github | CODE_REPOSITORY | MEDIUM | 2025-03-11 | RN0311/CrewAISecurityAgent,https://github.com/cosai-oasis/ws1-supply-chain https://github.com/cosai-oasis/secure-ai-tooling https://github.com/ouspg/AVISE https://github.com/RN0311/CrewAISecurityAgent,,
bgrp-aceb63cd16,1,малые модульные ядерные реакторы,Ториевые модульные микромодульные реакторы с расплавленной солью,thorium fueled molten,openalex | SCIENTIFIC_PUBLICATION | HIGH | 2024-01-22 | A feasibility study of a thorium fueled molten salt micro modular subcritical reactor using an electron accelerator || openalex | SCIENTIFIC_PUBLICATION | HIGH | 2025-12-11 | MULE -- A Co-Generation Fission Power Plant Concept to Support Lunar In-Situ Resource Utilisation || openalex | SCIENTIFIC_PUBLICATION | HIGH | 2025-03-25 | Критический анализ конструкций ториевого реактора в странах-производителях,http://arxiv.org/abs/2401.12056 http://arxiv.org/abs/2512.10705 https://doi.org/10.18321/cpc23(1)9-23,,
bgrp-a2a54dab78,1,беспилотные грузовые автомобили,Технология динамической калибровки и восприятия для автономных грузовиков,Perception for Autonomous,github | CODE_REPOSITORY | MEDIUM | 2026-02-21 | zhumorui/dCAP || openalex | SCIENTIFIC_PUBLICATION | HIGH | 2026-03-24 | Mind the Hitch: Dynamic Calibration and Articulated Perception for Autonomous Trucks || github | CODE_REPOSITORY | MEDIUM | 2024-03-28 | gigio18/perception_ws || github | CODE_REPOSITORY | MEDIUM | 2025-12-29 | venomxkapoor/truckscenes-vru-prediction,https://github.com/zhumorui/dCAP http://arxiv.org/abs/2603.23711 https://github.com/gigio18/perception_ws https://github.com/venomxkapoor/truckscenes-vru-prediction,,
bgrp-f00d7b5447,1,инфраструктура для искусственного интеллекта и дата-центры,Инфраструктура Retrieval-Grounded Enterprise AI для локальной обработки корпоративных данных,Retrieval-Grounded Enterprise AI,zenodo | PREPRINT | HIGH | 2026-08-28 | Private Brains: Retrieval-Grounded Enterprise AI Without Data Egress || zenodo | PREPRINT | HIGH | 2026-02-07 | The Great Return: Why 2026 Marks the Tipping Point for Local AI Migration in Europe.,https://zenodo.org/records/22143866 https://zenodo.org/records/18511984,,
bgrp-f969b5560b,1,натрий-ионные аккумуляторы,Натрий-ионные аккумуляторы,sodium-ion batteries,openalex | SCIENTIFIC_PUBLICATION | HIGH | 2023-05-17 | A review on anode materials for lithium/sodium-ion batteries || openalex | SCIENTIFIC_PUBLICATION | HIGH | 2023-03-14 | Opportunities for moderate-range electric vehicles using sustainable sodium-ion batteries || openalex | SCIENTIFIC_PUBLICATION | HIGH | 2024-04-16 | Research progress on hard carbon materials in advanced sodium-ion batteries || github | CODE_REPOSITORY | MEDIUM | 2024-10-22 | Subways-Sun/sodium-ion-batteries || openalex | SCIENTIFIC_PUBLICATION | HIGH | 2024-06-20 | Sodium symphony: Crafting the future of energy storage with sodium-ion capacitors,https://doi.org/10.1016/j.jechem.2023.04.043 https://doi.org/10.1038/s41560-023-01215-w https://doi.org/10.1016/j.ensm.2024.103386 https://github.com/Subways-Sun/sodium-ion-batteries https://doi.org/10.1016/j.est.2024.112566,,
bgrp-fdde33d6f8,1,ИИ-агенты для разработки программного обеспечения,Искусственный интеллект для автоматизации аудита кибербезопасности и инженерии требований ПО,Artificial Intelligence Automation,openalex | SCIENTIFIC_PUBLICATION | HIGH | 2024-01-01 | Revolutionizing Cybersecurity Audit through Artificial Intelligence Automation: A Comprehensive Exploration || zenodo | PREPRINT | MEDIUM | 2025-10-03 | The Role of Artificial Intelligence in the Economic Development of South Asia: From Technological Dependence to Self-Reliance || openalex | SCIENTIFIC_PUBLICATION | HIGH | 2025-01-01 | Prompt Me: Intelligent Software Agent for Requirements Engineering - A Vision Paper,https://doi.org/10.2139/ssrn.4847308 https://zenodo.org/records/17259285 https://doi.org/10.1007/978-3-031-88531-0_17,,
bgrp-1b1591a15c,1,твердотельные лидары,Сценарии лазерно-индуцированной спин-динамики на магнитных системах,laser-induced spin-dynamics scenarios,openalex | SCIENTIFIC_PUBLICATION | HIGH | 2024-01-01 | Liquid crystal-integrated metasurfaces for an active photonic platform || openalex | SCIENTIFIC_PUBLICATION | HIGH | 2023-08-28 | Ultrafast control of laser-induced spin-dynamics scenarios on two-dimensional Ni3@C63H54 magnetic system,https://doi.org/10.29026/oea.2024.230216 https://doi.org/10.1063/5.0158160,,
bgrp-b418e8e16f,1,твердотельные лидары,Твердотельные лидары нового поколения,congestion of LiDAR,openalex | SCIENTIFIC_PUBLICATION | HIGH | 2023-03-13 | Breaking the temporal and frequency congestion of LiDAR by parallel chaos || openalex | SCIENTIFIC_PUBLICATION | HIGH | 2025-12-08 | Perovskite‐based time‐domain signal‐balancing LiDAR sensor with centimeter depth resolution,https://doi.org/10.1038/s41566-023-01158-4 https://doi.org/10.1002/inf2.70104,,
bgrp-9eab697202,1,умные электросети и виртуальные электростанции,Технология: Enhancing smart grid,Enhancing smart grid,openalex | SCIENTIFIC_PUBLICATION | HIGH | 2023-05-12 | Artificial intelligence and blockchain technology for secure smart grid and power distribution Automation: A State-of-the-Art Review || openalex | SCIENTIFIC_PUBLICATION | HIGH | 2023-01-17 | Advanced optimizer for maximum power point tracking of photovoltaic systems in smart grid: A roadmap towards clean energy technologies || openalex | SCIENTIFIC_PUBLICATION | HIGH | 2023-07-20 | Multi-objective architecture for strategic integration of distributed energy resources and battery storage system in microgrids || openalex | SCIENTIFIC_PUBLICATION | HIGH | 2025-07-15 | Enhancing smart grid security in smart cities: A review of traditional approaches and emerging technologies || openalex | SCIENTIFIC_PUBLICATION | HIGH | 2023-10-05 | Greening smart cities: An investigation of the integration of urban natural resources and smart city technologies for promoting environmental sustainability,https://doi.org/10.1016/j.seta.2023.103282 https://doi.org/10.1016/j.renene.2023.01.023 https://doi.org/10.1016/j.est.2023.108276 https://doi.org/10.1016/j.apenergy.2025.126430 https://doi.org/10.1016/j.scs.2023.104985,,
bgrp-efdc454719,1,edge-вычисления и периферийный инференс,Совместные периферийные вычисления и координация ресурсов в распределённых системах,Эффективные совместные периферийные,openalex | SCIENTIFIC_PUBLICATION | HIGH | 2025-07-01 | Эффективные совместные периферийные вычисления для транспортной сети с использованием службы кластеризации || openalex | SCIENTIFIC_PUBLICATION | HIGH | 2025-10-01 | Теоретико-игровые модели координации ресурсов в распределённых системах потокового анализа данных,https://doi.org/10.26102/2310-6018/2025.50.3.005 https://doi.org/10.26102/2310-6018/2025.51.4.068,,
bgrp-d8717afe9c,1,перовскитные солнечные элементы,Технология: PEROVSKITES UNDER GAMMA-RAY,PEROVSKITES UNDER GAMMA-RAY,openalex | SCIENTIFIC_PUBLICATION | HIGH | 2023-01-01 | DEGRADATION OF HYBRID ORGANOMETALLIC PEROVSKITES UNDER GAMMA-RAY EXPOSURE STUDIED BY XPS,http://elar.urfu.ru/handle/10995/124763,,
bgrp-3a8532d591,1,нейроморфные процессоры,Нейроморфные процессоры на основе ECRAM для аналоговой обработки сигналов,ECRAM-Based Analog Neuromorphic,openalex | SCIENTIFIC_PUBLICATION | HIGH | 2023-12-20 | Full hardware implementation of neuromorphic visual system based on multimodal optoelectronic resistive memory arrays for versatile image processing || openalex | SCIENTIFIC_PUBLICATION | HIGH | 2024-04-24 | DenRAM: neuromorphic dendritic architecture with RRAM for efficient temporal processing with delays || semantic_scholar | SCIENTIFIC_PUBLICATION | HIGH | 2024-09-27 | Birdlike broadband neuromorphic visual sensor arrays for fusion imaging || semantic_scholar | SCIENTIFIC_PUBLICATION | HIGH | 2026-08-21 | Monolithic Integration of Neuromorphic Electronic Skin and In-Memory Computing Chips for Fine Manipulation in Embodied Intelligent Agents || openalex | SCIENTIFIC_PUBLICATION | HIGH | 2024-09-23 | A Multi-Bit ECRAM-Based Analog Neuromorphic System With High-Precision Current Readout Achieving 97.3% Inference Accuracy,https://doi.org/10.1038/s41467-023-43944-2 https://doi.org/10.1038/s41467-024-47764-w https://www.semanticscholar.org/paper/1f732ee033c08a0b599e2164a8877d605fb95616 https://www.semanticscholar.org/paper/34e3589809c9fcfdcb6ef4ce8812c326617ede6b https://doi.org/10.1109/tbcas.2024.3465610,,
bgrp-bb9e65d4b2,1,edge-вычисления и периферийный инференс,Анализ микросервисных подходов к V2X-системам с периферийными вычислениями,Analysis of Microservice,openalex | SCIENTIFIC_PUBLICATION | HIGH | 2025-09-01 | Intelligent Serverless Computing System for Telepresence Services || openalex | SCIENTIFIC_PUBLICATION | HIGH | 2026-08-31 | Analysis of Microservice Approaches to V2X Systems with Edge Computing,https://doi.org/10.31854/1813-324x-2025-11-4-18-27 https://doi.org/10.31854/1813-324x-2026-12-4-37-52,,
bgrp-899b39f756,1,защита и безопасность систем искусственного интеллекта,Технология: MCP-Penetration-testing,MCP-Penetration-testing,github | CODE_REPOSITORY | MEDIUM | 2025-11-09 | edward-playground/aidefend-mcp || github | CODE_REPOSITORY | MEDIUM | 2025-12-22 | Mr-Infect/MCP-Penetration-testing || github | CODE_REPOSITORY | MEDIUM | 2025-09-18 | i3T4AN/Kali_Linux_MCP || github | CODE_REPOSITORY | MEDIUM | 2025-12-03 | arunsanna/AgentDefense-Bench || github | CODE_REPOSITORY | MEDIUM | 2026-08-03 | vaquarkhan/aegis-mcp-gateway,https://github.com/edward-playground/aidefend-mcp https://github.com/Mr-Infect/MCP-Penetration-testing https://github.com/i3T4AN/Kali_Linux_MCP https://github.com/arunsanna/AgentDefense-Bench https://github.com/vaquarkhan/aegis-mcp-gateway,,
bgrp-364cd3ab0d,1,биопечать тканей и органов,Гидрогели для биопечати клеточных тканей и органов,hydrogel for 3D,"rospatent | PATENT | HIGH | 2024-04-04 | HYDROGEL FOR CELL-LADEN BIOPRINTING, BIOINK, AND PREPARATION METHOD AND APPLICATION THEREOF || openalex | SCIENTIFIC_PUBLICATION | HIGH | 2023-01-01 | An insight into synthesis, properties and applications of gelatin methacryloyl hydrogel for 3D bioprinting",https://searchplatform.rospatent.gov.ru/doc/US20240108784A1_20240404 https://doi.org/10.1039/d3ma00715d,,
bgrp-a9224dee50,1,метаматериалы и метаповерхности,Метаповерхности для терагерцового диапазона,metasurface for terahertz,"openalex | SCIENTIFIC_PUBLICATION | HIGH | 2023-11-13 | Terahertz metamaterials for light-driven magnetism || openalex | SCIENTIFIC_PUBLICATION | HIGH | 2023-08-07 | Real-time programmable metasurface for terahertz multifunctional wave front engineering || openalex | SCIENTIFIC_PUBLICATION | HIGH | 2024-05-27 | Strategies to enhance THz harmonic generation combining multilayered, gated, and metamaterial-based architectures || openalex | SCIENTIFIC_PUBLICATION | HIGH | 2026-01-06 | Polarization properties of a metasurface based on rectangular Ω-elements on a glass textolite substrate",http://arxiv.org/abs/2311.07252 https://doi.org/10.1038/s41377-023-01228-w http://arxiv.org/abs/2405.17125 https://doi.org/10.29235/1561-2430-2025-61-4-343-352,,
bgrp-2598632f59,1,твердотельные лидары,Твердотельные лазеры с длиной волны 2 мкм для лидаров,μm Solid-State Laser,openalex | SCIENTIFIC_PUBLICATION | HIGH | 2023-08-08 | Development of a 2 μm Solid-State Laser for Lidar in the Past Decade || openalex | SCIENTIFIC_PUBLICATION | HIGH | 2023-06-14 | High-brightness scalable continuous-wave single-mode photonic-crystal laser,https://doi.org/10.3390/s23167024 https://doi.org/10.1038/s41586-023-06059-8,,
bgrp-9301e5b7f2,1,метаматериалы и метаповерхности,Наноскалируемые перестраиваемые метаповерхности по требованию,NANOSCALE-RECONFIGURABLE METASURFACES,rospatent | PATENT | HIGH | 2023-09-13 | DIFFRACTION GRATING COMPRISING DOUBLE-MATERIALS STRUCTURES || rospatent | PATENT | HIGH | 2023-06-29 | NANOSCALE-RECONFIGURABLE METASURFACES ON-DEMAND WITH CORRELATED OXIDES,https://searchplatform.rospatent.gov.ru/doc/EP3765873B1_20230913 https://searchplatform.rospatent.gov.ru/doc/US20230204986A1_20230629,,
bgrp-a286316093,1,нейроморфные процессоры,Аналоговый мемконденсатор на основе ферроэлектрического конденсатора для нейроморфных систем,Analog Memcapacitor,openalex | SCIENTIFIC_PUBLICATION | HIGH | 2023-09-28 | Analog Synaptic Devices Based on IGZO Thin‐Film Transistors with a Metal–Ferroelectric–Metal–Insulator–Semiconductor Structure for High‐Performance Neuromorphic Systems || openalex | SCIENTIFIC_PUBLICATION | HIGH | 2024-06-07 | Analog Memcapacitor by Ferroelectric Capacitor and Its Application to Spiking Neuromorphic System,https://doi.org/10.1002/aisy.202300125 https://doi.org/10.1109/ted.2024.3408783,,
bgrp-be0c52f908,1,метаматериалы и метаповерхности,Технология: EMetaNode Electromechanical Metamaterial,EMetaNode Electromechanical Metamaterial,openalex | SCIENTIFIC_PUBLICATION | HIGH | 2023-03-14 | Topology optimization of flexoelectric metamaterials with apparent piezoelectricity || openalex | SCIENTIFIC_PUBLICATION | HIGH | 2023-05-08 | Uncovering and experimental realization of multimodal 3D topological metamaterials for low-frequency and multiband elastic wave control || openalex | SCIENTIFIC_PUBLICATION | HIGH | 2025-06-03 | EMetaNode: Electromechanical Metamaterial Node for Broadband Vibration Attenuation and Self-powered Sensing,http://arxiv.org/abs/2303.09448 http://arxiv.org/abs/2305.04649 http://arxiv.org/abs/2506.02960,,
bgrp-3474b3e5a4,1,квантовые сенсоры для навигации,Технология: nanoscale magnetometry,nanoscale magnetometry,openalex | SCIENTIFIC_PUBLICATION | HIGH | 2024-08-21 | Massively multiplexed nanoscale magnetometry with diamond quantum sensors || openalex | SCIENTIFIC_PUBLICATION | HIGH | 2024-03-20 | New opportunities in condensed matter physics for nanoscale quantum sensors || openalex | SCIENTIFIC_PUBLICATION | HIGH | 2023-06-10 | All-optical nuclear quantum sensing using nitrogen-vacancy centers in diamond || openalex | SCIENTIFIC_PUBLICATION | HIGH | 2023-06-05 | Imaging the Meissner effect and flux trapping in a hydride superconductor at megabar pressures using a nanoscale quantum sensor,http://arxiv.org/abs/2408.11666 http://arxiv.org/abs/2403.13710 https://doi.org/10.1038/s41534-023-00724-6 http://arxiv.org/abs/2306.03122,,
bgrp-82b43d123c,1,натрий-ионные аккумуляторы,Натрий-ионные аккумуляторы: новые электрохимические системы,Новые электрохимические системы,openalex | SCIENTIFIC_PUBLICATION | HIGH | 2024-11-10 | Новые электрохимические системы для натрий-ионных аккумуляторов,http://dx.doi.org/10.31857/s0044453724040164,,
bgrp-8c4ed12dce,1,фотонные вычисления,Вычисления на дефектных фотонных кристаллах,defect photonic crystal,github | CODE_REPOSITORY | MEDIUM | 2026-09-05 | wayneeffect/Photonic-Computer || openalex | SCIENTIFIC_PUBLICATION | HIGH | 2023-12-01 | Interference logic elements based on a Y-shaped defect photonic crystal,https://github.com/wayneeffect/Photonic-Computer https://doi.org/10.18287/2412-6179-co-1293,,
bgrp-af728ee8ec,1,биопечать тканей и органов,Биопечать тканей и органов с использованием 3D-печати и микрожидкостных устройств,leggettlab 3D-Printed-Molds-for-Organ-on-a-Chip-and-Fluidics-PDMS-Based-Rapid-and-Accessible-Prototyping,"openalex | SCIENTIFIC_PUBLICATION | HIGH | 2024-01-01 | High-resolution low-cost LCD 3D printing for microfluidics and organ-on-a-chip devices || github | CODE_REPOSITORY | MEDIUM | 2025-02-15 | leggettlab/3D-Printed-Molds-for-Organ-on-a-Chip-and-Fluidics-PDMS-Based-Rapid-and-Accessible-Prototyping || rospatent | PATENT | HIGH | 2023-06-06 | Arterial organ chip based on multi-material suspended organism 3D printing and preparation method || github | CODE_REPOSITORY | MEDIUM | 2026-02-09 | EPFL-LAPD/Tomographic-Printing-in-a-Chip-A-Versatile-Platform-for-Biomimetic-3D-Organ-on-Chip || openalex | SCIENTIFIC_PUBLICATION | HIGH | 2024-06-03 | Nanoporous, Gas Permeable PEGDA Ink for 3D Printing Organ‐on‐a‐Chip Devices",https://doi.org/10.1039/d3lc01125a https://github.com/leggettlab/3D-Printed-Molds-for-Organ-on-a-Chip-and-Fluidics-PDMS-Based-Rapid-and-Accessible-Prototyping https://searchplatform.rospatent.gov.ru/doc/CN116218760A_20230606 https://github.com/EPFL-LAPD/Tomographic-Printing-in-a-Chip-A-Versatile-Platform-for-Biomimetic-3D-Organ-on-Chip https://doi.org/10.1002/adfm.202315035,,
bgrp-164b7d91ab,1,твердотельные лидары,Технология: LiDAR point cloud,LiDAR point cloud,openalex | SCIENTIFIC_PUBLICATION | HIGH | 2023-05-04 | Plane-based global registration for pavement 3D reconstruction using hybrid solid-state LiDAR point cloud || openalex | SCIENTIFIC_PUBLICATION | HIGH | 2024-06-21 | The Research of 3D Point Cloud Data Clustering Based on MEMS Lidar for Autonomous Driving || openalex | SCIENTIFIC_PUBLICATION | HIGH | 2023-09-15 | Efficient and accurate mapping method of underground metal mines using mobile mining equipment and solid-state lidar,https://doi.org/10.1016/j.autcon.2023.104907 https://doi.org/10.1007/s12239-024-00112-9 https://doi.org/10.1016/j.measurement.2023.113581,,
bgrp-44b0ae5c83,1,малые модульные ядерные реакторы,Малые модульные ядерные реакторы,Small modular reactors,openalex | SCIENTIFIC_PUBLICATION | HIGH | 2023-07-19 | The NEA Small Modular Reactor Dashboard || openalex | SCIENTIFIC_PUBLICATION | HIGH | 2023-01-20 | Techno-economic analysis of advanced small modular nuclear reactors || openalex | SCIENTIFIC_PUBLICATION | HIGH | 2024-01-01 | Small modular reactors || openalex | SCIENTIFIC_PUBLICATION | HIGH | 2023-05-03 | Autonomous control model for emergency operation of small modular reactor || openalex | SCIENTIFIC_PUBLICATION | HIGH | 2026-01-01 | Малые модульные реакторы в атомной энергетике Казахстана,https://doi.org/10.1787/e586e483-en https://doi.org/10.1016/j.apenergy.2023.120669 https://doi.org/10.1016/b978-0-323-99880-2.00014-x https://doi.org/10.1016/j.anucene.2023.109874 https://doi.org/10.23682/157430,,
bgrp-cc6010878c,1,edge-вычисления и периферийный инференс,Технология: Security in IoMT,Security in IoMT,"openalex | SCIENTIFIC_PUBLICATION | HIGH | 2023-08-01 | Artificial intelligence for IoMT security: A review of intrusion detection systems, attacks, datasets and Cloud–Fog–Edge architectures || openalex | SCIENTIFIC_PUBLICATION | HIGH | 2024-02-16 | Enabling Zero Trust Security in IoMT Edge Network",https://doi.org/10.1016/j.iot.2023.100887 http://arxiv.org/abs/2402.10389,,
bgrp-f1efea83e5,1,ИИ-агенты для разработки программного обеспечения,ИИ-агенты для совместной разработки ПО через коммуникацию,ChatDev Communicative Agents,openalex | SCIENTIFIC_PUBLICATION | HIGH | 2023-07-16 | ChatDev: Communicative Agents for Software Development || openalex | SCIENTIFIC_PUBLICATION | HIGH | 2024-07-23 | OpenHands: An Open Platform for AI Software Developers as Generalist Agents || openalex | SCIENTIFIC_PUBLICATION | HIGH | 2023-08-16 | AIKernel Semantic DSL Compiler and Deterministic Agent Execution Architecture || openalex | SCIENTIFIC_PUBLICATION | HIGH | 2024-03-13 | AutoDev: Automated AI-Driven Development,http://arxiv.org/abs/2307.07924 http://arxiv.org/abs/2407.16741 http://arxiv.org/abs/2308.08155 http://arxiv.org/abs/2403.08299,,
bgrp-8b02725e4a,1,робототехника и физический искусственный интеллект,Технология: Intelligent Soft Robotics,Intelligent Soft Robotics,openalex | SCIENTIFIC_PUBLICATION | HIGH | 2023-08-02 | Sensing in Soft Robotics || openalex | SCIENTIFIC_PUBLICATION | HIGH | 2025-06-29 | Bioinspired Intelligent Soft Robotics: From Multidisciplinary Integration to Next‐Generation Intelligence || semantic_scholar | SCIENTIFIC_PUBLICATION | HIGH | 2026-01-01 | AI-Driven Multimodal Fusion in Soft Robotics: From Heterogeneous Perception to Closed-Loop Control || semantic_scholar | SCIENTIFIC_PUBLICATION | HIGH | 2025-09-26 | MEMS: The Sensory Nervous System for Embodied AI Robots,https://doi.org/10.1021/acsnano.3c04089 https://doi.org/10.1002/advs.202506296 https://www.semanticscholar.org/paper/bfd07a20c20ab170aa8781c2118579297b468250 https://www.semanticscholar.org/paper/baad7ce413008e012e3e3002929ca5a714b8b06d,,
bgrp-6f1844fb1b,1,интерфейсы мозг-компьютер,Технология: cVEP-Based BCI,cVEP-Based BCI,semantic_scholar | SCIENTIFIC_PUBLICATION | HIGH | 2025-02-01 | Multimodal fusion of magnetoencephalography and photoacoustic imaging based on optical pump: Trends for wearable and noninvasive Brain-Computer interface. || openalex | SCIENTIFIC_PUBLICATION | HIGH | 2024-03-22 | EXPLORING NEW TERRITORY: CALIBRATION-FREE DECODING FOR C-VEP BCI || openalex | SCIENTIFIC_PUBLICATION | HIGH | 2024-12-24 | Low count of optically pumped magnetometers furnishes a reliable real-time access to sensorimotor rhythm || semantic_scholar | SCIENTIFIC_PUBLICATION | HIGH | 2025-02-24 | Feasibility of Secure Transaction Authentication Using a cVEP-Based BCI,https://www.semanticscholar.org/paper/6116c179004c9cc28941c84204c2e1c4069e20fc http://arxiv.org/abs/2403.15521 http://arxiv.org/abs/2412.18353 https://www.semanticscholar.org/paper/b8abde3e1803fcef5e2059660f2a273dc9ea0896,,
bgrp-16c8e84f3e,1,защита и безопасность систем искусственного интеллекта,JailBreak-атаки почему ИИ,JailBreak-атаки почему ИИ,rss | INDUSTRY_MEDIA | MEDIUM | 2026-09-22 | Как мы обучили детектор джейлбрейков для русскоязычных AI-агентов || rss | INDUSTRY_MEDIA | MEDIUM | 2026-09-22 | Почему ИИ для программирования выбирает одни и те же библиотеки: я просканировал 30 сайтов документации || rss | INDUSTRY_MEDIA | MEDIUM | 2026-09-22 | Что такое JailBreak-атаки: почему ИИ нарушает собственные правила и как это работает || rss | INDUSTRY_MEDIA | MEDIUM | 2026-09-22 | Бенчмарк Маракуйя ИИ на Terminal-Bench 4 и OSWorld 2 || rss | INDUSTRY_MEDIA | MEDIUM | 2026-09-22 | Почему нельзя просто загрузить историю с фитнес-браслета в LLM и попросить оценить здоровье,https://habr.com/ru/companies/just_ai/articles/1084804/?utm_campaign=1084804&utm_source=habrahabr&utm_medium=rss https://habr.com/ru/articles/1084456/?utm_campaign=1084456&utm_source=habrahabr&utm_medium=rss https://habr.com/ru/companies/selectel/articles/1083034/?utm_campaign=1083034&utm_source=habrahabr&utm_medium=rss https://habr.com/ru/articles/1084960/?utm_campaign=1084960&utm_source=habrahabr&utm_medium=rss https://habr.com/ru/companies/ru_mts/articles/1085048/?utm_campaign=1085048&utm_source=habrahabr&utm_medium=rss,,
bgrp-3957117411,1,биопечать тканей и органов,Биопечать тканей и органов,sachinjangir74 3D-BioPrinting-Scaffold,"github | CODE_REPOSITORY | MEDIUM | 2026-06-02 | wet-lab-on/awesome-3d-bioprinting-terminology || github | CODE_REPOSITORY | MEDIUM | 2023-01-02 | Aerdric/3D-Bioprinting || github | CODE_REPOSITORY | MEDIUM | 2026-04-09 | sachinjangir74/3D-BioPrinting-Scaffold || github | CODE_REPOSITORY | MEDIUM | 2026-08-10 | sandeshpatel1/FineOrganic-Label-Printing || openalex | SCIENTIFIC_PUBLICATION | HIGH | 2023-01-30 | Classification, processing, and applications of bioink and 3D bioprinting: A detailed review",https://github.com/wet-lab-on/awesome-3d-bioprinting-terminology https://github.com/Aerdric/3D-Bioprinting https://github.com/sachinjangir74/3D-BioPrinting-Scaffold https://github.com/sandeshpatel1/FineOrganic-Label-Printing https://doi.org/10.1016/j.ijbiomac.2023.123476,,
bgrp-816fd2bf17,1,гибкая и печатная электроника,Ионопроводящие гибкие микро-суперконденсаторы на основе SnO₂/rGO-нанокомпозитов,Ionic Conduction,semantic_scholar | SCIENTIFIC_PUBLICATION | HIGH | 2024-10-10 | Dynamically Favorable Ion Channels Enabled by a Hybrid Ionic‐Electronic Conducting Film toward Highly Reversible Zinc Metal Anodes || semantic_scholar | SCIENTIFIC_PUBLICATION | HIGH | 2024-10-12 | Versatile Conductive Ink Formulation for Enhanced Electrochemical Performance in Flexible Printed Micro-supercapacitors Using SnO2/rGO Nanocomposites || openalex | SCIENTIFIC_PUBLICATION | HIGH | 2023-01-25 | Ionic Conduction in Polymer‐Based Solid Electrolytes,https://www.semanticscholar.org/paper/3475c6f85462a3155f5d6182b79cd2263b8393bf https://www.semanticscholar.org/paper/7ce665e143621b381cc54ab18a0de2460b52dd27 https://doi.org/10.1002/advs.202201718,,
bgrp-28e506d185,1,метаматериалы и метаповерхности,Разработка базовых наноэлементов для сверхбыстродействующих устройств на основе метаматериалов,ТЕХНОЛОГИИ БАЗОВЫХ НАНОЭЛЕМЕНТОВ,"openalex | SCIENTIFIC_PUBLICATION | HIGH | 2024-04-07 | Mathematical modeling of the electrical properties of temporal nanocomposites with a complex structure || openalex | SCIENTIFIC_PUBLICATION | HIGH | 2024-03-14 | Computational Dielectric Metasurfaces in Photonic Topological Devices for Multidimensional Signal Processing || openalex | SCIENTIFIC_PUBLICATION | HIGH | 2023-01-20 | ГЛАВА 11. РАЗРАБОТКА ОСНОВ ТЕХНОЛОГИИ БАЗОВЫХ НАНОЭЛЕМЕНТОВ ДЛЯ СВЕРХ-БЫСТРОДЕЙСТВУЮЩИХ УСТРОЙСТВ НА ОСНОВЕ VO2, ДИНАМИЧЕСКИ УПРАВЛЯЕМЫХ МЕТАМАТЕРИАЛОВ, КВАНТОВЫХ ГЕТЕРОСТРУКТУР И 2D-МАТЕРИАЛОВ || openalex | SCIENTIFIC_PUBLICATION | HIGH | 2026-07-10 | ОБЗОРНОЕ ИССЛЕДОВАНИЕ СОВРЕМЕННЫХ НАУЧНЫХ ПУБЛИКАЦИЙ В ОБЛАСТИ НАНООПТИКИ",https://doi.org/10.26102/2310-6018/2024.45.2.006 http://dx.doi.org/10.17725/rensit.2023.16.011 http://doi.org/10.34077/isp.2023-kvant-11 https://doi.org/10.65912/2782-5507.2026.21.2.008,,
bgrp-a6e5bacba7,1,облачные вычисления,Cloud-Edge-IoT Continuum: архитектура облачно-погранично-вещной среды,Cloud-Edge-IoT Continuum,openalex | SCIENTIFIC_PUBLICATION | HIGH | 2023-06-20 | Service Provisioning in Edge-Cloud Continuum: Emerging Applications for Mobile Devices || openalex | SCIENTIFIC_PUBLICATION | HIGH | 2023-01-01 | Edge AI: A survey || zenodo | PREPRINT | MEDIUM | 2026-04-23 | A Systematic Review of Federated Scheduling in the Cloud-Edge-IoT Continuum,https://doi.org/10.5753/jisa.2023.2913 https://www.sciencedirect.com/science/article/pii/S2667345223000196/pdf https://zenodo.org/records/19713433,,
bgrp-f98120790a,1,защита и безопасность систем искусственного интеллекта,Agent Sandbox: платформа защиты ИИ-агентов на высокопроизводительных системах,katosh agent_sandbox,github | CODE_REPOSITORY | MEDIUM | 2026-01-25 | Tako-Research/TakoVM || github | CODE_REPOSITORY | MEDIUM | 2026-03-09 | katosh/agent_sandbox || github | CODE_REPOSITORY | MEDIUM | 2026-08-22 | kannamma-labs/nirdosha || github | CODE_REPOSITORY | MEDIUM | 2026-02-07 | Deso-PK/make-trust-irrelevant,https://github.com/Tako-Research/TakoVM https://github.com/katosh/agent_sandbox https://github.com/kannamma-labs/nirdosha https://github.com/Deso-PK/make-trust-irrelevant,,
bgrp-dc1d2517ab,1,постквантовая криптография,Метод квантового отжига для задач постквантовой криптографии,quantum annealing method,openalex | SCIENTIFIC_PUBLICATION | HIGH | 2023-06-01 | Solving some cryptanalytic problems for lattice-based cryptosystems with quantum annealing method,https://doi.org/10.4213/mvk441,,
bgrp-ec8598a8df,1,нейроморфные процессоры,Технология: Neuromorphic-Computing-Regent-Undergraduate-Research,Neuromorphic-Computing-Regent-Undergraduate-Research,openalex | SCIENTIFIC_PUBLICATION | HIGH | 2024-07-02 | Roadmap to Neuromorphic Computing with Emerging Technologies || github | CODE_REPOSITORY | MEDIUM | 2025-03-16 | williamDenson/Neuromorphic-Computing-Regent-Undergraduate-Research,http://arxiv.org/abs/2407.02353 https://github.com/williamDenson/Neuromorphic-Computing-Regent-Undergraduate-Research,,
bgrp-b4a8fded69,1,индустриальный искусственный интеллект на производстве,Промышленный ИИ: пайплайны обработки данных и визуальной инспекции,manufacturing-rag-pipeline,github | CODE_REPOSITORY | MEDIUM | 2026-02-17 | rhussain21/manufacturing-rag-pipeline || github | CODE_REPOSITORY | MEDIUM | 2026-06-11 | NaufalMahdyI/Industrial-Visual-Inspection-RAG || github | CODE_REPOSITORY | MEDIUM | 2025-07-02 | shouvik27/ai-faps-multi-modal-view-task-pipeline || github | CODE_REPOSITORY | MEDIUM | 2026-06-01 | hjkhh73-cloud/manufacturing-rag-starter,https://github.com/rhussain21/manufacturing-rag-pipeline https://github.com/NaufalMahdyI/Industrial-Visual-Inspection-RAG https://github.com/shouvik27/ai-faps-multi-modal-view-task-pipeline https://github.com/hjkhh73-cloud/manufacturing-rag-starter,,
bgrp-6cb37217f9,1,гибкая и печатная электроника,Высокопроизводительная защита от электромагнитных помех на основе гибких материалов,High-Performance EMI Shielding,semantic_scholar | SCIENTIFIC_PUBLICATION | HIGH | 2025-05-28 | High-Performance EMI Shielding Film Based on Low-Dk Polyimide and Trimodal Ag Ink for High-Speed Signal Integrity Enhancement || semantic_scholar | SCIENTIFIC_PUBLICATION | HIGH | 2024-09-01 | A wideband flexible antenna utilizing PMMA/PVDF‐HFP/PZT polymer composite film and silver‐based conductive ink for wearable applications,https://www.semanticscholar.org/paper/522d3c90cbde6d47d9c2b147625ba5aa358b4ee1 https://www.semanticscholar.org/paper/482abdca511c87308988e86ca3e9ccd76b3db39e,,
bgrp-6e241b6858,1,edge-вычисления и периферийный инференс,Вычисления на мобильных граничных устройствах (Mobile Edge Computing),mobile edge computing,rospatent | PATENT | HIGH | 2023-09-05 | Multi-access edge computing services security in mobile networks by parsing application programming interfaces || rospatent | PATENT | HIGH | 2024-05-21 | Apparatus and method for traffic security processing in 5G mobile edge computing slicing service || rospatent | PATENT | HIGH | 2023-06-23 | Method and apparatus for establishing secure connections for edge computing services,https://searchplatform.rospatent.gov.ru/doc/US0011750662B2_20230905 https://searchplatform.rospatent.gov.ru/doc/US0011991522B2_20240521 https://searchplatform.rospatent.gov.ru/doc/CN116325846A_20230623,,
bgrp-beb5501b2c,1,биопечать тканей и органов,Гибридная биопечать для регенерации тканей и органов,implantation in hernioendoprosthetics,zenodo | PREPRINT | MEDIUM | 2026-02-16 | A Hybrid Bioprinting Framework for Finger Regeneration: Suppressing Fibrotic Closure and Harnessing Endogenous Healing || openalex | SCIENTIFIC_PUBLICATION | HIGH | 2023-01-01 | Potential possibilities of bioengineering technologies and cellular implantation in hernioendoprosthetics (review article),https://zenodo.org/records/18658344 https://doi.org/10.21626/vestnik/2023-3/03,,
bgrp-5adcf65816,1,метаматериалы и метаповерхности,Метаповерхностные биосенсоры,Exploring Metasurface-Based Biosensor,semantic_scholar | SCIENTIFIC_PUBLICATION | HIGH | 2024-11-16 | Exploring Metasurface-Based Biosensor: New Frontiers in Sensitivity and Versatility for Biomedical Applications || semantic_scholar | SCIENTIFIC_PUBLICATION | HIGH | 2024-12-17 | Detection of Proteins in a Surface Plasmon Resonance Biosensor Based on Hybrid Metasurface Architecture and Behaviour Prediction Using Random Forest Regression || semantic_scholar | SCIENTIFIC_PUBLICATION | HIGH | 2025-05-23 | Generation of Full-Space Dual-Band Multipolarized Beams with Holographic-Reflective Metasurface || semantic_scholar | SCIENTIFIC_PUBLICATION | HIGH | 2025-06-02 | High-Sensitivity Graphene-Metasurface THz Biosensor for Label-Free Cancer Cell Detection with XG Boost Regression Optimization || openalex | SCIENTIFIC_PUBLICATION | HIGH | 2023-01-12 | Resonant leaky modes in all-dielectric metasystems: Fundamentals and applications,https://www.semanticscholar.org/paper/e3ef95ccefc839700f331c297374ea3273e0f65a https://www.semanticscholar.org/paper/9e5d5e039da8fd83262da1a484ccbe2294a88166 https://www.semanticscholar.org/paper/a9a683834afd4ded2189d618436a814ed74af4e9 https://www.semanticscholar.org/paper/088e92ab73b1fd7cd305cdb4b372d1c9c81c9504 https://doi.org/10.1016/j.physrep.2023.01.001,,
bgrp-5381621002,1,цифровые двойники в энергетике,Цифровые двойники для прогнозирования нагрузки в энергетике,Power Load Forecasting,openalex | SCIENTIFIC_PUBLICATION | HIGH | 2025-01-01 | Digital Twin for Power Load Forecasting || openalex | SCIENTIFIC_PUBLICATION | HIGH | 2023-07-20 | Digital twin for intelligent probabilistic short term load forecasting in solar based smart grids using shark algorithm,https://doi.org/10.1007/978-981-96-2409-6_36 https://doi.org/10.1016/j.solener.2023.111870,,
bgrp-1a494b7d3c,1,квантовые сенсоры для навигации,Квантовые атомные сенсоры на основе эффекта роторного фотонного дрейфа,Sensitivity of atom,semantic_scholar | SCIENTIFIC_PUBLICATION | HIGH | 2025-10-04 | Ion-Based Characterization of Laser Beam Profiles for Quantum Information Processing || semantic_scholar | SCIENTIFIC_PUBLICATION | HIGH | 2023-11-08 | Sensitivity of atom based on slow light propagation and rotary photon drag: an efficient and secure model for quantum-based sensors in Internet of Things,https://www.semanticscholar.org/paper/25cf40fddb3495de9fed3663c865bfd9d335392a https://www.semanticscholar.org/paper/91c45d18f2e18a7ab03dc643960f2ee9a0d10654,,
bweb-ssb-pack-assembly-equipment,1,твердотельные аккумуляторы для электротранспорта,pack assembly equipment for solid-state formats,,— | CORPORATE_BLOG | LOW | 2026-07-16 | Solid-State Battery Progress in 2026: What It Means for Battery Pack Assembly,https://xwellcn.com/battery-news/solid-state-battery-progress-2026-battery-pack-assembly/,,
bgrp-9faf2408b8,1,малые языковые модели на мобильных устройствах,Федеральное малосигнальное обучение для мобильного НЛП,Federated Few-Shot Learning,openalex | SCIENTIFIC_PUBLICATION | HIGH | 2023-09-30 | Federated Few-Shot Learning for Mobile NLP || openalex | SCIENTIFIC_PUBLICATION | HIGH | 2023-10-25 | FedTherapist: Mental Health Monitoring with User-Generated Linguistic Expressions on Smartphones via Federated Learning,https://doi.org/10.1145/3570361.3613277 http://arxiv.org/abs/2310.16538,,
bgrp-6e657bf18c,1,защита и безопасность систем искусственного интеллекта,Технология: Certification by Circulation,Certification by Circulation,openalex | SCIENTIFIC_PUBLICATION | HIGH | 2026-07-30 | Безопасность операционных систем в эпоху ИИ-агентов. От разрывов классических моделей до причинно-бюджетной композиции || zenodo | PREPRINT | MEDIUM | 2026-09-09 | The Fixation of Belief in Machines: Disciplined Contestation as an Alternative to Mutual Adversarial Oversight || zenodo | PREPRINT | MEDIUM | 2026-07-07 | Certification by Circulation,https://doi.org/10.5281/zenodo.21708270 https://zenodo.org/records/22677338 https://zenodo.org/records/22246384,,
bgrp-004279c730,1,синтетическая биология в производстве материалов,Технология: agro-industrial lignocellulosic waste,agro-industrial lignocellulosic waste,"openalex | SCIENTIFIC_PUBLICATION | HIGH | 2023-03-16 | Lignocellulosic biomass from agricultural waste to the circular economy: a review with focus on biofuels, biocomposites and bioplastics || openalex | SCIENTIFIC_PUBLICATION | HIGH | 2024-03-18 | Fungal bioprocessing for circular bioeconomy: Exploring lignocellulosic waste valorization || openalex | SCIENTIFIC_PUBLICATION | HIGH | 2023-07-01 | Bioprocess development for the production of xylooligosaccharide prebiotics from agro-industrial lignocellulosic waste || openalex | SCIENTIFIC_PUBLICATION | HIGH | 2023-01-10 | An Overview of Green Bioprocessing of Algae-Derived Biochar and Biopolymers: Synthesis, Preparation, and Potential Applications || openalex | SCIENTIFIC_PUBLICATION | HIGH | 2025-01-02 | Extremophilic Exopolysaccharides: Bioprocess and Novel Applications in 21st Century",https://doi.org/10.1016/j.jclepro.2023.136815 https://doi.org/10.1080/21501203.2024.2316824 https://doi.org/10.1016/j.heliyon.2023.e18316 https://doi.org/10.3390/en16020791 https://doi.org/10.3390/fermentation11010016,,
bgrp-405108ca3a,1,гибкая и печатная электроника,Органические полупроводники для инфракрасного обнаружения,Infrared-Detecting Organic Semiconductors,semantic_scholar | SCIENTIFIC_PUBLICATION | HIGH | 2025-02-05 | Efficient Infrared-Detecting Organic Semiconductors Featuring a Tetraheterocyclic Core with Reduced Ionization Potential. || semantic_scholar | SCIENTIFIC_PUBLICATION | HIGH | 2025-02-07 | Tuning Absorption State and Intermolecular Potential of Organic Semiconductors for Narrowband Ultraviolet Photodetection || semantic_scholar | SCIENTIFIC_PUBLICATION | HIGH | 2025-05-20 | Deuterating Narrow-Bandgap Organic Semiconductors for Sensitive Short-Wave Infrared Photodetection. || semantic_scholar | SCIENTIFIC_PUBLICATION | HIGH | 2025-09-30 | Intrinsic intermolecular photoinduced charge separation in organic radical semiconductors || openalex | SCIENTIFIC_PUBLICATION | HIGH | 2024-06-05 | Optical read and write of spin states in organic diradicals,https://www.semanticscholar.org/paper/60d2d7faf1dc7e45fa346a13b869eb4eea31d283 https://www.semanticscholar.org/paper/e691e5f30a2cd2fe9b068ae3ab5c58e8b98b30b9 https://www.semanticscholar.org/paper/d093ac6bb13cf6e959a9cfe07a2ffa0eff2e02eb https://www.semanticscholar.org/paper/cfbf8ba1d67a10009ec8ce7f42d479f4887fe318 http://arxiv.org/abs/2406.03365,,
bgrp-490a62316d,1,улавливание и хранение углерода,Улавливание и хранение углерода (CCS): инновационные системы и перспективы развития,carbon capture storage,"openalex | SCIENTIFIC_PUBLICATION | HIGH | 2024-06-17 | CCS technological innovation system dynamics in Norway || openalex | SCIENTIFIC_PUBLICATION | HIGH | 2023-02-21 | Policies to Promote Carbon Capture and Storage Technologies || openalex | SCIENTIFIC_PUBLICATION | HIGH | 2024-07-26 | Prospective techno-economic and life cycle assessment: a review across established and emerging carbon capture, storage and utilization (CCS/CCU) technologies",https://doi.org/10.1016/j.ijggc.2024.104171 https://doi.org/10.1007/s10640-023-00767-5 https://doi.org/10.3389/fenrg.2024.1412770,,
bgrp-79ab29e01c,1,малые модульные ядерные реакторы,свинцово-висмутового жидкометаллического теплоносителя,свинцово-висмутового жидкометаллического теплоносителя,rospatent | PATENT | HIGH | 2024-09-13 | Реакторная установка повышенной безопасности с активной зоной на быстрых нейтронах и естественной циркуляцией свинцово-висмутового жидкометаллического теплоносителя || rospatent | PATENT | HIGH | 2026-05-26 | Торпеда с ядерной энергетической установкой малой мощности || rospatent | PATENT | HIGH | 2023-03-22 | СИСТЕМА ДЕГАЗАЦИИ ДЛЯ ЯДЕРНОЙ ЭНЕРГЕТИЧЕСКОЙ УСТАНОВКИ И СПОСОБ ДЕГАЗАЦИИ ПОТОКА ТЕПЛОНОСИТЕЛЯ РЕАКТОРА,https://searchplatform.rospatent.gov.ru/doc/RU228883U1_20240913 https://searchplatform.rospatent.gov.ru/doc/RU2862706C1_20260526 https://searchplatform.rospatent.gov.ru/doc/RU2792420C1_20230322,,
bgrp-7d8fd209d1,1,перспективные решения в финтехе,Web3: новая фаза развития интернета,Web3 The Next,openalex | SCIENTIFIC_PUBLICATION | HIGH | 2023-03-22 | Web3: The Next Internet Revolution || semantic_scholar | SCIENTIFIC_PUBLICATION | HIGH | 2024-09-10 | AWESOME: Analysis framework for WEb3 SOcial MEdia,http://arxiv.org/abs/2304.06111 https://www.semanticscholar.org/paper/c14ca18466942a8275e7199e1cfbb1e0b753cb57,,
bgrp-0ca395a51f,1,твердотельные лидары,Твердотельные лидары: инновационные методы сегментации и защиты,Scalable LiDAR Segmentation,"openalex | SCIENTIFIC_PUBLICATION | HIGH | 2023-12-07 | FRNet: Frustum-Range Networks for Scalable LiDAR Segmentation || openalex | SCIENTIFIC_PUBLICATION | HIGH | 2023-10-23 | ADoPT: LiDAR Spoofing Attack Detection Based on Point-Level Temporal Consistency || openalex | SCIENTIFIC_PUBLICATION | HIGH | 2024-06-12 | Sense Less, Generate More: Pre-training LiDAR Perception with Masked Autoencoders for Ultra-Efficient 3D Sensing",http://arxiv.org/abs/2312.04484 http://arxiv.org/abs/2310.14504 http://arxiv.org/abs/2406.07833,,
bweb-assb-pilot-lines-oem-sampling,1,твердотельные аккумуляторы для электротранспорта,all-solid-state battery pilot lines OEM sample validation,,— | INDUSTRY_MEDIA | MEDIUM | 2026-02-05 | QuantumScape inaugurates Eagle Line pilot for solid-state battery production || — | INDUSTRY_MEDIA | MEDIUM | — | ASSBs moving to pilot production || — | CORPORATE_BLOG | LOW | 2026-07-16 | Solid-State Battery Progress in 2026: What It Means for Battery Pack Assembly,https://electrek.co/2026/02/05/quantumscape-inaugurates-eagle-line-pilot-solid-state-battery-production/ https://www.electronicsweekly.com/news/business/solid-state-auto-batteries-2026-08/ https://xwellcn.com/battery-news/solid-state-battery-progress-2026-battery-pack-assembly/,,
bgrp-b78e2aa68f,1,индустриальный искусственный интеллект на производстве,Платформа AI Nano для индустриального искусственного интеллекта,AI Nano Platform,openalex | SCIENTIFIC_PUBLICATION | HIGH | 2023-05-06 | AIDA—A holistic AI-driven networking and processing framework for industrial IoT applications || zenodo | PREPRINT | MEDIUM | 2026-05-09 | AIN: AI Nano Platform for No-Code End-to-End Artificial Intelligence Development and Deployment Across Scientific and Industrial Domains,https://doi.org/10.1016/j.iot.2023.100805 https://zenodo.org/records/20093071,,
bgrp-77dfaad589,1,защита и безопасность систем искусственного интеллекта,Система защиты и надзора безопасности искусственного интеллекта OctoGuard,OctoGuard--Free-OpenClaw-Security-Supervision-System,github | CODE_REPOSITORY | MEDIUM | 2026-02-06 | DinoMorphica/safeclaw || github | CODE_REPOSITORY | MEDIUM | 2026-02-18 | JoasASantos/ironclaw || github | CODE_REPOSITORY | MEDIUM | 2026-02-23 | webspoilt/omniclaw || github | CODE_REPOSITORY | MEDIUM | 2026-03-26 | O-ozzz/OctoGuard--Free-OpenClaw-Security-Supervision-System,https://github.com/DinoMorphica/safeclaw https://github.com/JoasASantos/ironclaw https://github.com/webspoilt/omniclaw https://github.com/O-ozzz/OctoGuard--Free-OpenClaw-Security-Supervision-System,,
bweb-physical-ai-automotive-production-pilots,1,робототехника и физический искусственный интеллект,physical AI humanoid pilots in automotive production,,"— | PRESS_RELEASE | LOW | — | BMW Group to deploy humanoid robots in production in Germany for the first time || — | INDUSTRY_MEDIA | MEDIUM | 2026-07-18 | Humanoid Robots in 2026: What Is Actually Deployed || — | CORPORATE_BLOG | LOW | 2026-06-20 | Humanoid robotics in 2026: pilots, pricing, and reality",https://www.press.bmwgroup.com/global/article/detail/T0455864EN/bmw-group-to-deploy-humanoid-robots-in-production-in-germany-for-the-first-time?language=en https://www.technology.org/2026/07/18/humanoid-robots-in-2026-what-is-actually-deployed/ https://www.humanoidhub.ai/blog/humanoid-robotics-2026-pilots-production-what-s-real-what,,
bgrp-c85efd7518,1,квантовые сенсоры для навигации,Квантовые сенсоры на основе лазеров VCSEL для навигационных приложений,VCSELs for quantum,"semantic_scholar | SCIENTIFIC_PUBLICATION | HIGH | 2023-06-13 | GaN laser diodes for quantum sensing, optical atomic clocks, precision metrology, and quantum computing || semantic_scholar | SCIENTIFIC_PUBLICATION | HIGH | 2024-06-07 | Ruggedized low-SWaP optical frequency combs and laser modules for next-generation optical atomic clocks with pathways to operation in extreme radiation environments || semantic_scholar | SCIENTIFIC_PUBLICATION | HIGH | 2024-03-12 | High-temperature DBR lasers for next generation quantum sensing and spectroscopic applications || semantic_scholar | SCIENTIFIC_PUBLICATION | HIGH | 2026-03-05 | VCSELs for quantum sensing with Rubidium || semantic_scholar | SCIENTIFIC_PUBLICATION | HIGH | 2026-01-15 | Emerging Trends and Applications in Thermal Imaging Using Infrared Detectors: A Review",https://www.semanticscholar.org/paper/14bd0e2d264c6d75f5469e1841e9bb15e0e03f26 https://www.semanticscholar.org/paper/926398fa96271fea5b551e3d5df7e409c629d5d3 https://www.semanticscholar.org/paper/baf76e85eb0072ce8c5680481929550de984caf6 https://www.semanticscholar.org/paper/410b48ca6c5d8faf57e83ecc061e878d8c4eeb3f https://www.semanticscholar.org/paper/f2ae10909d13a9279c355b7899bb12a688f1dde0,,
bgrp-287ed2a75d,1,защита и безопасность систем искусственного интеллекта,Технология: lulbitz llm-con,lulbitz llm-con,github | CODE_REPOSITORY | MEDIUM | 2026-04-08 | lulbitz/llm-con || github | CODE_REPOSITORY | MEDIUM | 2023-07-15 | dhammon/ai-goat || github | CODE_REPOSITORY | MEDIUM | 2025-07-15 | olegnazarov/rag-security-scanner || github | CODE_REPOSITORY | MEDIUM | 2026-02-17 | forgeai-dev/ForgeAI,https://github.com/lulbitz/llm-con https://github.com/dhammon/ai-goat https://github.com/olegnazarov/rag-security-scanner https://github.com/forgeai-dev/ForgeAI,,
bgrp-7dee8a2f6b,1,фотонные вычисления,Многослойные дифракционные процессоры для фотонных вычислений,Wavelength-Multiplexed Diffractive Optical,openalex | SCIENTIFIC_PUBLICATION | HIGH | 2024-12-16 | Broadband Unidirectional Visible Imaging Using Wafer-Scale Nano-Fabrication of Multi-Layer Diffractive Optical Processors || openalex | SCIENTIFIC_PUBLICATION | HIGH | 2024-01-17 | Subwavelength Imaging using a Solid-Immersion Diffractive Optical Processor || openalex | SCIENTIFIC_PUBLICATION | HIGH | 2024-03-16 | Multiplane Quantitative Phase Imaging Using a Wavelength-Multiplexed Diffractive Optical Processor || openalex | SCIENTIFIC_PUBLICATION | HIGH | 2026-02-02 | Meta-optical processors for broadband complex-field image operations,http://arxiv.org/abs/2412.11374 http://arxiv.org/abs/2401.08923 http://arxiv.org/abs/2403.11035 http://arxiv.org/abs/2602.02030,,
bgrp-1a11e09912,1,метаматериалы и метаповерхности,Технология: composite metamaterials,composite metamaterials,openalex | SCIENTIFIC_PUBLICATION | HIGH | 2024-07-05 | 2D/2D coupled MOF/Fe composite metamaterials enable robust ultra–broadband microwave absorption || openalex | SCIENTIFIC_PUBLICATION | HIGH | 2024-09-12 | Unprecedented mechanical wave energy absorption observed in multifunctional bioinspired architected metamaterials || semantic_scholar | SCIENTIFIC_PUBLICATION | HIGH | 2025-01-20 | Advanced optical reinforcement materials based on three-dimensional four-way weaving structure and metasurface technology || openalex | SCIENTIFIC_PUBLICATION | HIGH | 2023-10-23 | Forget metamaterial: It does not improve sound absorption performance as it claims,https://doi.org/10.1038/s41467-024-49762-4 https://doi.org/10.1038/s41427-024-00565-5 https://www.semanticscholar.org/paper/f8d90c4b1a3bb244bad2c2e2c1943d43811f7eb7 http://arxiv.org/abs/2310.14638,,
bgrp-9ccfc08508,1,гибкая и печатная электроника,Технология: Behavior of Inkjet-Printed,Behavior of Inkjet-Printed,openalex | SCIENTIFIC_PUBLICATION | HIGH | 2024-02-26 | Wetting Behavior of Inkjet-Printed Electronic Inks on Patterned Substrates || semantic_scholar | SCIENTIFIC_PUBLICATION | HIGH | 2025-01-20 | Study of the conductive ink wash-out during overmolding || semantic_scholar | SCIENTIFIC_PUBLICATION | HIGH | 2024-01-02 | Key Materials in Solder Mask Ink for Printed Circuit Board,https://doi.org/10.1021/acs.langmuir.3c03297 https://www.semanticscholar.org/paper/e5205d865f27b0fcd78f9ad152dc7ff7666cc9b2 https://www.semanticscholar.org/paper/3b077f4003196b84a987c519b6f7d64597a38e23,,
bgrp-91e8e77b74,1,улавливание и хранение углерода,Технология: Carbon Dioxide Capture,Carbon Dioxide Capture,openalex | SCIENTIFIC_PUBLICATION | HIGH | 2023-01-03 | Sorption direct air capture with CO2 utilization || openalex | SCIENTIFIC_PUBLICATION | HIGH | 2024-06-05 | Capturing carbon dioxide from air with charged-sorbents || openalex | SCIENTIFIC_PUBLICATION | HIGH | 2023-06-21 | Electrochemical Carbon Dioxide Capture and Concentration,https://doi.org/10.1016/j.pecs.2022.101069 https://doi.org/10.1038/s41586-024-07449-2 https://doi.org/10.1021/acs.chemrev.2c00681,,
bgrp-32fd3cea4f,1,перспективные решения в финтехе,Решения конфиденциальности платежей на основе доказательств с нулевым разглашением в блокчейне,vatal-system Privacy-Preserving-Blockchain-Identity-Systems--using-Zero-Knowledge-Proofs,semantic_scholar | SCIENTIFIC_PUBLICATION | HIGH | 2025-07-01 | CAPE: Commitment-Based Privacy-Preserving Payment Channel Scheme in Blockchain || semantic_scholar | SCIENTIFIC_PUBLICATION | HIGH | 2024-05-27 | Bridging Economic Model and Blockchain: ZKP Empowered Privacy Preserving Payment Channel with Intermediary Pricing || zenodo | PREPRINT | MEDIUM | 2026-02-20 | Homomorphic Encryption-Based Transaction Confidentiality: A Comprehensive Analysis of Privacy-Preserving Peer-to-Peer Digital Payment Protocols || github | CODE_REPOSITORY | MEDIUM | 2026-05-19 | vatal-system/Privacy-Preserving-Blockchain-Identity-Systems--using-Zero-Knowledge-Proofs || zenodo | PREPRINT | MEDIUM | 2026-02-24 | ESC Commitment: Encrypted Sequential Context Commitment for Decrypt-Free Verification,https://www.semanticscholar.org/paper/074be8cbd4165b34b94ce6b153999a3b6eb2b5f7 https://www.semanticscholar.org/paper/92ab07d468a05af1397f5ee7e10aaea62cb97bb0 https://zenodo.org/records/18708147 https://github.com/vatal-system/Privacy-Preserving-Blockchain-Identity-Systems--using-Zero-Knowledge-Proofs https://zenodo.org/records/18751572,,
bgrp-64f0968a27,1,агророботы и точное земледелие,Технология: Affordable-Farm-Maintenance-Robot-for-Small--and-Medium-Scale-Farmers,Affordable-Farm-Maintenance-Robot-for-Small--and-Medium-Scale-Farmers,github | CODE_REPOSITORY | MEDIUM | 2026-06-03 | MeenalShah13/Affordable-Farm-Maintenance-Robot-for-Small--and-Medium-Scale-Farmers || openalex | SCIENTIFIC_PUBLICATION | HIGH | 2025-05-20 | Robotic Monitoring of Colorimetric Leaf Sensors for Precision Agriculture,https://github.com/MeenalShah13/Affordable-Farm-Maintenance-Robot-for-Small--and-Medium-Scale-Farmers http://arxiv.org/abs/2505.13916,,
bweb-consumer-home-humanoids,1,робототехника и физический искусственный интеллект,consumer home humanoid robots preorders,,"— | CORPORATE_BLOG | LOW | — | Humanoid Robot Companies 2026: Specs, Prices, Deployments",https://theresarobotforthat.com/blog/humanoid-robot-companies-2026-complete-guide/,,
bweb-ssb-robots-first-market,1,твердотельные аккумуляторы для электротранспорта,solid-state cells for humanoid robots and drones first,,— | CORPORATE_BLOG | LOW | — | Top Solid-State Battery Stocks 2026: The Pilot-Line Year,https://exoswan.com/solid-state-battery-stocks,,
bgrp-264c80bc6c,1,агророботы и точное земледелие,Агророботы для точного земледелия и мониторинга состояния животных,Agricultural Mobile Robots,openalex | SCIENTIFIC_PUBLICATION | HIGH | 2024-12-03 | Adaptive LiDAR Odometry and Mapping for Autonomous Agricultural Mobile Robots in Unmanned Farms || openalex | SCIENTIFIC_PUBLICATION | HIGH | 2026-06-09 | Resilient Navigation for Autonomous Farm Robots by Leveraging Jerk-Augmented Models with IMU-Only Disturbance Rejection || openalex | SCIENTIFIC_PUBLICATION | HIGH | 2025-01-01 | Designing an Autonomous Robot for Monitoring Open-Mouth Behavior of Chickens in Commercial Chicken Farms,http://arxiv.org/abs/2412.02899 https://arxiv.org/abs/2606.10971 https://doi.org/10.13031/ja.16056,,
bgrp-50d93f025e,1,цифровые двойники в энергетике,Технология: Multifidelity digital twin,Multifidelity digital twin,openalex | SCIENTIFIC_PUBLICATION | HIGH | 2024-11-04 | IUMENTA: A generic framework for animal digital twins within the Open Digital Twin Platform || openalex | SCIENTIFIC_PUBLICATION | HIGH | 2024-06-06 | Multifidelity digital twin for real-time monitoring of structural dynamics in aquaculture net cages,http://arxiv.org/abs/2411.10466 http://arxiv.org/abs/2406.04519,,
bgrp-f82ab8e377,1,перовскитные солнечные элементы,Технология: perovskite solar cells,perovskite solar cells,"semantic_scholar | SCIENTIFIC_PUBLICATION | HIGH | 2025-06-16 | Solvent-assisted reaction for spontaneous defect passivation in perovskite solar cells || semantic_scholar | SCIENTIFIC_PUBLICATION | HIGH | 2025-02-01 | Perovskite solar cells: Progress, challenges, and future avenues to clean energy || openalex | SCIENTIFIC_PUBLICATION | HIGH | 2023-05-24 | Inverted perovskite solar cells using dimethylacridine-based dopants || semantic_scholar | SCIENTIFIC_PUBLICATION | HIGH | 2025-06-06 | Enhancing the efficiency and stability of perovskite solar cells via a polymer heterointerface bridge || semantic_scholar | SCIENTIFIC_PUBLICATION | HIGH | 2025-10-27 | All-perovskite tandem solar cells with dipolar passivation",https://www.semanticscholar.org/paper/63a123f913a39da808409b2421df591f222c6b07 https://www.semanticscholar.org/paper/1e72611c2b214a2fdf5f190e6064a6984b031a30 https://doi.org/10.1038/s41586-023-06207-0 https://www.semanticscholar.org/paper/11c2f5e9e9416690800a591b8da13d3e8563c922 https://www.semanticscholar.org/paper/15dde3a78dd6c5da4486222280c2a602e8925a16,,
bgrp-65f6ebfde7,1,улавливание и хранение углерода,Технология: carbon sequestration methods,carbon sequestration methods,"openalex | SCIENTIFIC_PUBLICATION | HIGH | 2023-03-07 | Carbon sequestration and storage in concrete: A state-of-the-art review of compositions, methods, and developments || openalex | SCIENTIFIC_PUBLICATION | HIGH | 2024-02-15 | Effect of carbon sequestration methods on uptake potential and characteristics of ordinary portland cement-based concrete",https://doi.org/10.1016/j.jcou.2023.102443 https://doi.org/10.1016/j.conbuildmat.2024.135330,,
bgrp-4ceabf00b7,1,цифровые двойники в энергетике,Цифровой двойник LifeTwin-LFP-SOH для оценки состояния литиевых батарей,LifeTwin-LFP-SOH,openalex | SCIENTIFIC_PUBLICATION | HIGH | 2025-01-01 | HUMAN DIGITAL TWIN AND PERSONALITY DIGITAL TWIN IN ORGANIZATIONAL SYSTEMS || github | CODE_REPOSITORY | MEDIUM | 2026-07-19 | packl686-arch/LifeTwin-LFP-SOH,https://doi.org/10.17513/snt.40322 https://github.com/packl686-arch/LifeTwin-LFP-SOH,,
bgrp-4c02d71a5c,1,нейроморфные процессоры,Нейроморфные процессоры с резистивными синапсами,neuron for neuromorphic,rospatent | PATENT | HIGH | 2023-08-29 | Bias scheme for single-device synaptic element || rospatent | PATENT | HIGH | 2023-04-18 | Artificial neuron for neuromorphic chip with resistive synapses || github | CODE_REPOSITORY | MEDIUM | 2026-04-30 | Chur-chin/Bio-Physical-Hybrid-Neuromorphic-Synapse,https://searchplatform.rospatent.gov.ru/doc/US0011741353B2_20230829 https://searchplatform.rospatent.gov.ru/doc/US0011630993B2_20230418 https://github.com/Chur-chin/Bio-Physical-Hybrid-Neuromorphic-Synapse,,
bgrp-b09841a9db,1,метаматериалы и метаповерхности,Технология: reconfigurable metasurface system,reconfigurable metasurface system,openalex | SCIENTIFIC_PUBLICATION | HIGH | 2024-10-27 | Realization of Reconfigurable Intelligent Surfaces with Space-Time Coded Metasurfaces || semantic_scholar | SCIENTIFIC_PUBLICATION | HIGH | 2025-07-02 | Adaptively programmable metasurface for intelligent wireless communications in complex environments || semantic_scholar | SCIENTIFIC_PUBLICATION | HIGH | 2025-01-01 | Review for wireless communication technology based on digital encoding metasurfaces || semantic_scholar | SCIENTIFIC_PUBLICATION | HIGH | 2025-01-01 | Gesture-controlled reconfigurable metasurface system based on surface electromyography for real-time electromagnetic wave manipulation || semantic_scholar | SCIENTIFIC_PUBLICATION | HIGH | 2025-02-12 | Controlling Stochastic Electromagnetic Process by Dynamically Random Coding Metasurface,http://arxiv.org/abs/2410.20503 https://www.semanticscholar.org/paper/fced8031239bebca2f081975ebcbbbe40d2be261 https://www.semanticscholar.org/paper/06681f8417ab8af3bf184242844af7c93de4737e https://www.semanticscholar.org/paper/3193f3b8fef58db57cadd0e12c12be92dd15c6ad https://www.semanticscholar.org/paper/0c8e12ee08d8bd5dc6a150ef68619654e8258a3d,,
bgrp-d2951c0126,1,генная терапия на основе CRISPR,Генная терапия диабета 1 типа с использованием CRISPR,Type 1 Diabetes,zenodo | PREPRINT | MEDIUM | 2026-05-20 | *A Hypothesis of Beta-Cell Preservation Using Y-Linked Telomere Signals* || semantic_scholar | SCIENTIFIC_PUBLICATION | HIGH | 2026-03-20 | Translational Barriers to AAV and CRISPR Gene Therapy in Diabetes || zenodo | PREPRINT | MEDIUM | 2026-08-20 | Curing Type 1 Diabetes Without Lifelong Immunosuppression || github | CODE_REPOSITORY | MEDIUM | 2025-06-28 | Abdullah-jo/T1D-Cure-Protocol-Concept,https://zenodo.org/records/20314006 https://www.semanticscholar.org/paper/c8c8e5637f48eb6d8eaeadcf178c503114dc427e https://zenodo.org/records/22035648 https://github.com/Abdullah-jo/T1D-Cure-Protocol-Concept,,
bgrp-5dbaf2aeac,1,малые модульные ядерные реакторы,Технология: 원자로 및 저압수형,원자로 및 저압수형,zenodo | PREPRINT | MEDIUM | 2026-07-20 | 사용 후 핵연료 붕괴열 회수 시스템 기반 산업 시설 재편과 다양화시킨 고용을 위한 거시경제 패러다임 전환 Macroeconomic Paradigm Shift for Industrial Restructuring and Employment Diversification Based on a Spent Nuclear Fuel Decay Heat Recovery System || rospatent | PATENT | HIGH | 2024-03-14 | 저압수형 원자로 및 저압수형 원자로 제어 방법,https://zenodo.org/records/21448946 https://searchplatform.rospatent.gov.ru/doc/KR20240034850A_20240314,,
bgrp-4350c07601,1,синтетическая биология в производстве материалов,Инженерия бактериальной целлюлозы методами синтетической биологии,Engineering Bacterial Cellulose,openalex | SCIENTIFIC_PUBLICATION | HIGH | 2024-11-07 | Modulating Microbial Materials - Engineering Bacterial Cellulose with Synthetic Biology || openalex | SCIENTIFIC_PUBLICATION | HIGH | 2023-08-18 | From Nature to Lab: Sustainable Bacterial Cellulose Production and Modification with Synthetic Biology || openalex | SCIENTIFIC_PUBLICATION | HIGH | 2023-01-21 | Unlocking the magic in mycelium: Using synthetic biology to optimize filamentous fungi for biomanufacturing and sustainability,https://doi.org/10.1021/acssynbio.4c00615 https://doi.org/10.3390/polym15163466 https://doi.org/10.1016/j.mtbio.2023.100560,,
bgrp-c11945ae28,2,ИИ-агенты для разработки программного обеспечения,Искусственный интеллект в разработке программного обеспечения,Artificial Intelligence,openalex | SCIENTIFIC_PUBLICATION | HIGH | 2024-11-13 | AI Tools in the Digital Transformation Programmes of Industrial Enterprises || openalex | SCIENTIFIC_PUBLICATION | HIGH | 2026-02-21 | OPPORTUNITIES FOR USING ARTIFICIAL INTELLIGENCE TECHNOLOGIES IN MARKETING || openalex | SCIENTIFIC_PUBLICATION | HIGH | 2024-04-07 | Autonomous Vehicles: Evolution of Artificial Intelligence and the Current Industry Landscape,https://doi.org/10.26794/2220-6469-2024-18-3-6-16 https://doi.org/10.54861/27131211_2026_2_111 https://doi.org/10.3390/bdcc8040042,,
bgrp-3c8e35f66d,2,инфраструктура для искусственного интеллекта и дата-центры,Системы ответственного искусственного интеллекта,responsible AI systems,"openalex | SCIENTIFIC_PUBLICATION | HIGH | 2023-06-24 | Connecting the dots in trustworthy Artificial Intelligence: From AI principles, ethics, and key requirements to responsible AI systems and regulation || openalex | SCIENTIFIC_PUBLICATION | HIGH | 2023-10-30 | AI Alignment: A Comprehensive Survey || openalex | SCIENTIFIC_PUBLICATION | HIGH | 2023-07-06 | Frontier AI Regulation: Managing Emerging Risks to Public Safety",https://doi.org/10.1016/j.inffus.2023.101896 http://arxiv.org/abs/2310.19852 http://arxiv.org/abs/2307.03718,,
bgrp-01f42163d4,2,робототехника и физический искусственный интеллект,Цифровые двойники в робототехнике: тенденции и перспективы,robotics Trends scopes,"openalex | SCIENTIFIC_PUBLICATION | HIGH | 2023-07-22 | 4.0 as Innovation Environment of Opportunities for Small Business || openalex | SCIENTIFIC_PUBLICATION | HIGH | 2023-11-02 | YOUTH IN THE WORLD OF PROFESSIONS OF THE FUTURE: POSITIONING AND PROFESSIONAL IDENTITY || openalex | SCIENTIFIC_PUBLICATION | HIGH | 2023-02-01 | Towards next generation digital twin in robotics: Trends, scopes, challenges, and future",https://doi.org/10.21686/2413-2829-2023-4-194-201 http://dx.doi.org/10.14258/ssi(2023)3-07 https://doi.org/10.1016/j.heliyon.2023.e13359,,
bgrp-339c8f4668,2,робототехника и физический искусственный интеллект,Технология: Arthas-88 AI-Explorer-Robot,Arthas-88 AI-Explorer-Robot,github | CODE_REPOSITORY | MEDIUM | 2026-07-05 | Mostafiz24/IRIES-AI-Lab || github | CODE_REPOSITORY | MEDIUM | 2026-03-19 | Arthas-88/AI-Explorer-Robot || github | CODE_REPOSITORY | MEDIUM | 2026-04-04 | saibot007/NavBot-X-Isaac,https://github.com/Mostafiz24/IRIES-AI-Lab https://github.com/Arthas-88/AI-Explorer-Robot https://github.com/saibot007/NavBot-X-Isaac,,
bgrp-641b9de87a,2,защита и безопасность систем искусственного интеллекта,Технология: Practical AI Security,Practical AI Security,semantic_scholar | SCIENTIFIC_PUBLICATION | HIGH | 2024-12-16 | Design and Implementation of a Practical AI Security System Learning Kit for Intrusion Detection || github | CODE_REPOSITORY | MEDIUM | 2023-11-30 | GurpreetKukkar/Weapon-Detection-using-Artificial-Intelligence,https://www.semanticscholar.org/paper/6bdcc7bf126ddcb8e188a95966d58328bd656905 https://github.com/GurpreetKukkar/Weapon-Detection-using-Artificial-Intelligence,,
bgrp-8536b156cb,2,индустриальный искусственный интеллект на производстве,Трансформация промышленного производства с помощью искусственного интеллекта,industrial AI transformation,semantic_scholar | SCIENTIFIC_PUBLICATION | HIGH | 2023-03-02 | Facilitation or inhibition? Impact of CEO’s financial background on industrial AI transformation of manufacturing companies || semantic_scholar | SCIENTIFIC_PUBLICATION | HIGH | 2025-08-01 | The effect of technological core executives on industrial AI transformation: evidence from Chinese manufacturing enterprises,https://www.semanticscholar.org/paper/c337a30203e403944581f44889b05d46f6cd46c1 https://www.semanticscholar.org/paper/7aee913a78f7885496407fce83217931bf7e48b6,,
bgrp-1c7d0ace76,2,индустриальный искусственный интеллект на производстве,Гипотеза повторяемости субстрата: переход от ИИ к биологически-технологическим циклам,Substrate Recurrence Hypothesis,"zenodo | PREPRINT | MEDIUM | 2026-09-13 | The Substrate Recurrence Hypothesis: From Transformative AI to Biological-Technological Cycles.pdf || zenodo | PREPRINT | MEDIUM | 2026-01-15 | A Convergence Roadmap for Computational Biology, Sustainable Agriculture, and Synthetic Biology, 2025–2045",https://zenodo.org/records/22735147 https://zenodo.org/records/21955591,,
bgrp-8b9af9cb9b,2,индустриальный искусственный интеллект на производстве,Голосовой ИИ-консультант для промышленности,voice-ai-consultant,github | CODE_REPOSITORY | MEDIUM | 2025-07-08 | Edwin1719/voice-ai-consultant || github | CODE_REPOSITORY | MEDIUM | 2026-06-08 | dhruvb2028/FieldVoice-AI,https://github.com/Edwin1719/voice-ai-consultant https://github.com/dhruvb2028/FieldVoice-AI,,
bgrp-e74641c9b4,2,малые языковые модели на мобильных устройствах,Малые языковые модели для цифровой трансформации бизнеса,языковые модели,openalex | SCIENTIFIC_PUBLICATION | HIGH | 2026-02-28 | Малые языковые модели для цифровой трансформации бизнеса || openalex | SCIENTIFIC_PUBLICATION | HIGH | 2025-01-01 | Using LLMs to Manage and Enhance the Functionality of Corporate Data Warehouses || openalex | SCIENTIFIC_PUBLICATION | HIGH | 2025-01-01 | Analysis of spatial semantics using large language models || openalex | SCIENTIFIC_PUBLICATION | HIGH | 2025-01-01 | Study of the application of large language models to improve the productivity of second-line technical support,https://doi.org/10.26583/vestnik.2026.1.7 https://elar.urfu.ru/handle/10995/147332 https://elar.urfu.ru/handle/10995/147351 https://elar.urfu.ru/handle/10995/147361,,
bgrp-97404a2790,2,edge-вычисления и периферийный инференс,Разработка архитектур для распределённых и граничных систем,DrHazemAli enterprise-system-design,github | CODE_REPOSITORY | MEDIUM | 2026-08-12 | DrHazemAli/enterprise-system-design || github | CODE_REPOSITORY | MEDIUM | 2026-07-20 | Ali-hey-0/ai-runtime-lab,https://github.com/DrHazemAli/enterprise-system-design https://github.com/Ali-hey-0/ai-runtime-lab,,
bgrp-2d5c5898f6,2,робототехника и физический искусственный интеллект,Физический искусственный интеллект и современные тенденции в робототехнике,trends in robotics,openalex | SCIENTIFIC_PUBLICATION | HIGH | 2026-01-01 | Contemporary trends in robotics and automation || github | CODE_REPOSITORY | MEDIUM | 2026-09-04 | charlotteannchen/physical-ai-trends,https://elib.gstu.by/handle/220612/49754 https://github.com/charlotteannchen/physical-ai-trends,,
bgrp-1b454b1cb9,2,edge-вычисления и периферийный инференс,Платформы периферийной защиты и оптимизации на базе Cloudflare,cloudflare-for-speed-and-security,github | CODE_REPOSITORY | MEDIUM | 2023-10-16 | skerkour/cloudflare-for-speed-and-security || github | CODE_REPOSITORY | MEDIUM | 2026-07-24 | behramkendra/korugan || github | CODE_REPOSITORY | MEDIUM | 2026-08-04 | Chamroosh98/DayLock || github | CODE_REPOSITORY | MEDIUM | 2026-03-19 | pduggusa/dugganusa-edge-shield || github | CODE_REPOSITORY | MEDIUM | 2026-03-09 | Rain-kl/OpenFlare,https://github.com/skerkour/cloudflare-for-speed-and-security https://github.com/behramkendra/korugan https://github.com/Chamroosh98/DayLock https://github.com/pduggusa/dugganusa-edge-shield https://github.com/Rain-kl/OpenFlare,,
bgrp-95f0fcad2c,2,перспективные решения в финтехе,Платформы платежей на основе блокчейна Солана,solana-smart-payments,github | CODE_REPOSITORY | MEDIUM | 2026-04-25 | prakashhh2/solpos || github | CODE_REPOSITORY | MEDIUM | 2025-05-03 | NuralBhardwaj/solana-smart-payments || github | CODE_REPOSITORY | MEDIUM | 2026-01-21 | raushan728/solanahub || github | CODE_REPOSITORY | MEDIUM | 2025-12-16 | mrsahilbeniwal/BlazePay-Solana-Based-Payments || github | CODE_REPOSITORY | MEDIUM | 2023-11-18 | stream-protocol/streampay-monorepo,https://github.com/prakashhh2/solpos https://github.com/NuralBhardwaj/solana-smart-payments https://github.com/raushan728/solanahub https://github.com/mrsahilbeniwal/BlazePay-Solana-Based-Payments https://github.com/stream-protocol/streampay-monorepo,,
bgrp-3feee7e38d,2,перспективные решения в финтехе,Использование невзаимозаменяемых токенов (NFT) в академических платежах и искусстве,Form of NFT,openalex | SCIENTIFIC_PUBLICATION | HIGH | 2024-09-18 | Empowering Visual Artists with Tokenized Digital Assets with NFTs || openalex | SCIENTIFIC_PUBLICATION | HIGH | 2023-01-01 | Academic Payment Tokenization: An Online Payment System for Academia Utilizing Non-Fungible Tokens and Permissionless Blockchain || openalex | SCIENTIFIC_PUBLICATION | HIGH | 2023-03-15 | Legal Nature of Reproducing Museum Objects in the Digital Form of NFT,http://arxiv.org/abs/2409.11790 https://doi.org/10.1016/j.procs.2023.12.090 https://doi.org/10.21202/jdtl.2023.6,,
bgrp-3ee738f4dd,2,робототехника и физический искусственный интеллект,Применение больших языковых моделей в робототехнике,Models for Robotics,openalex | SCIENTIFIC_PUBLICATION | HIGH | 2023-11-13 | Large Language Models for Robotics: A Survey || openalex | SCIENTIFIC_PUBLICATION | HIGH | 2023-09-14 | The Rise and Potential of Large Language Model Based Agents: A Survey || openalex | SCIENTIFIC_PUBLICATION | HIGH | 2023-12-22 | The Robots Are Here: Navigating the Generative AI Revolution in Computing Education || openalex | SCIENTIFIC_PUBLICATION | HIGH | 2023-07-12 | VoxPoser: Composable 3D Value Maps for Robotic Manipulation with Language Models || openalex | SCIENTIFIC_PUBLICATION | HIGH | 2024-02-15 | Inadequacies of Large Language Model Benchmarks in the Era of Generative Artificial Intelligence,http://arxiv.org/abs/2311.07226 http://arxiv.org/abs/2309.07864 https://doi.org/10.1145/3623762.3633499 http://arxiv.org/abs/2307.05973 http://arxiv.org/abs/2402.09880,,
bgrp-162827073d,2,перспективные решения в финтехе,Платформы криптоплатежей для электронной коммерции,Crypto-Payment-Gateway,github | CODE_REPOSITORY | MEDIUM | 2026-06-13 | alitarkian/Crypto-Payment-Gateway || github | CODE_REPOSITORY | MEDIUM | 2025-05-01 | Xendriuo/Fyx-Cryptocurrency-Form-eCommerce-Crypto-Payment-Api-Blockchain-Network || github | CODE_REPOSITORY | MEDIUM | 2026-01-15 | Phoenix1808/ChainPay-Verify,https://github.com/alitarkian/Crypto-Payment-Gateway https://github.com/Xendriuo/Fyx-Cryptocurrency-Form-eCommerce-Crypto-Payment-Api-Blockchain-Network https://github.com/Phoenix1808/ChainPay-Verify,,
bgrp-204db78482,2,перспективные решения в финтехе,Этические и регуляторные вызовы внедрения искусственного интеллекта,challenges of AI,"openalex | SCIENTIFIC_PUBLICATION | HIGH | 2024-02-01 | Ethical and regulatory challenges of AI technologies in healthcare: A narrative review || openalex | SCIENTIFIC_PUBLICATION | HIGH | 2024-02-05 | A Review on Building Blocks of Decentralized Artificial Intelligence || openalex | SCIENTIFIC_PUBLICATION | HIGH | 2024-03-12 | Trust in AI: Progress, Challenges, and Future Directions",https://doi.org/10.1016/j.heliyon.2024.e26297 https://arxiv.org/abs/2402.02885 http://arxiv.org/abs/2403.14680,,
bgrp-43d7ec7b0c,2,защита и безопасность систем искусственного интеллекта,Безопасность взаимодействия человека и ИИ: предотвращение психологических рисков,Human AI Safety,zenodo | PREPRINT | MEDIUM | 2026-08-06 | Human/AI Safety: Preventing Psychological Risks with Prompt Management and Metabolic Self-Care || openalex | SCIENTIFIC_PUBLICATION | HIGH | 2024-11-07 | Smoke Screens and Scapegoats: The Reality of General Data Protection Regulation Compliance -- Privacy and Ethics in the Case of Replika AI,https://zenodo.org/records/20466728 http://arxiv.org/abs/2411.04490,,
bgrp-b802395636,2,малые языковые модели на мобильных устройствах,Технология: Small Language Model,Small Language Model,github | CODE_REPOSITORY | MEDIUM | 2026-01-30 | FrancKINANI/note_summarizer || openalex | SCIENTIFIC_PUBLICATION | HIGH | 2024-02-26 | MobiLlama: Towards Accurate and Lightweight Fully Transparent GPT || github | CODE_REPOSITORY | MEDIUM | 2026-04-20 | supradeep67/JLPT-mobile-assistant- || github | CODE_REPOSITORY | MEDIUM | 2026-06-11 | evanly-gh/SLM_Factory || github | CODE_REPOSITORY | MEDIUM | 2026-08-20 | SmartEngines/slm-ocr-postproc,https://github.com/FrancKINANI/note_summarizer http://arxiv.org/abs/2402.16840 https://github.com/supradeep67/JLPT-mobile-assistant- https://github.com/evanly-gh/SLM_Factory https://github.com/SmartEngines/slm-ocr-postproc,,
bgrp-f5562eaf6d,2,синтетическая биология в производстве материалов,Технология: Large Language Models,Large Language Models,openalex | SCIENTIFIC_PUBLICATION | HIGH | 2024-02-07 | Are LLMs Ready for Real-World Materials Discovery? || openalex | SCIENTIFIC_PUBLICATION | HIGH | 2023-09-15 | BioinspiredLLM: Conversational Large Language Model for the Mechanics of Biological and Bio-inspired Materials || openalex | SCIENTIFIC_PUBLICATION | HIGH | 2023-08-12 | Bio-SIEVE: Exploring Instruction Tuning Large Language Models for Systematic Review Automation || openalex | SCIENTIFIC_PUBLICATION | HIGH | 2024-01-01 | Enriching Location Representation with Detailed Semantic Information || openalex | SCIENTIFIC_PUBLICATION | HIGH | 2024-05-29 | Cephalo: Multi-Modal Vision-Language Models for Bio-Inspired Materials Analysis and Design,http://arxiv.org/abs/2402.05200 http://arxiv.org/abs/2309.08788 http://arxiv.org/abs/2308.06610 http://arxiv.org/abs/2407.21783 http://arxiv.org/abs/2405.19076,,
bgrp-7295bee77d,2,зелёный водород для промышленности,Технология: hydrogen energy development,hydrogen energy development,openalex | SCIENTIFIC_PUBLICATION | HIGH | 2023-05-29 | Hydrogen energy and prospects for its development || openalex | SCIENTIFIC_PUBLICATION | HIGH | 2023-09-30 | Prospects for the development of hydrogen energy in the Russian Federation || openalex | SCIENTIFIC_PUBLICATION | HIGH | 2023-09-12 | New Trends and Prospects of Hydrogen Energy in the World and in Kazakhstan || openalex | SCIENTIFIC_PUBLICATION | HIGH | 2024-09-30 | Prospects of hydrogen energy development based on a regional example,https://doi.org/10.26425/1816-4277-2023-4-33-39 http://dx.doi.org/10.18599/grs.2023.3.25 https://doi.org/10.53658/rw2023-3-3(9)-71-87 https://doi.org/10.25750/1995-4301-2024-3-092-101,,
bgrp-328205e217,2,робототехника и физический искусственный интеллект,Автоматизация с участием человека: от полной автоматизации до темных фабрик,Complete Automation,openalex | SCIENTIFIC_PUBLICATION | HIGH | 2026-02-15 | Human-in-the-Loop: From Complete Automation to Dark Factories || zenodo | PREPRINT | MEDIUM | 2026-05-18 | Beyond Containment: The Great Transition,https://doi.org/10.17323/fstig.2026.28237 https://zenodo.org/records/20266294,,
bgrp-b66c3dfc04,2,защита и безопасность систем искусственного интеллекта,Технология: artificial intelligence technologies,artificial intelligence technologies,"openalex | SCIENTIFIC_PUBLICATION | HIGH | 2023-11-29 | Deepfakes, Misinformation, and Disinformation in the Era of Frontier AI, Generative AI, and Large AI Models || semantic_scholar | SCIENTIFIC_PUBLICATION | HIGH | 2025-08-06 | Security and Privacy in the Internet of Everything (IoE): A Review on Blockchain, Edge Computing, AI, and Quantum-Resilient Solutions || zenodo | PREPRINT | MEDIUM | 2026-09-02 | Deepfake Fraud in Digital Banking: Using Artificial Intelligence to Strengthen Fraud Detection and Identity Verification || semantic_scholar | SCIENTIFIC_PUBLICATION | HIGH | 2025-01-01 | AI-Powered Smart Grids in the 6G Era: A Comprehensive Survey on Security and Intelligent Energy Systems || openalex | SCIENTIFIC_PUBLICATION | HIGH | 2023-03-10 | Socio-economic aspects of the introduction of artificial intelligence technologies",http://arxiv.org/abs/2311.17394 https://www.semanticscholar.org/paper/1310e6baf74c13c1783b64bb297acb0a41066f99 https://zenodo.org/records/22261293 https://www.semanticscholar.org/paper/712b7776404f3daadb236b34c9d403f59224c0a0 https://doi.org/10.24833/14511791-2023-1-6-60,,
bgrp-89efb869d3,2,инфраструктура для искусственного интеллекта и дата-центры,создаём ИИ-агента,создаём ИИ-агента,"rss | INDUSTRY_MEDIA | MEDIUM | 2026-09-23 | Как мы создаём ИИ-агента для технических писателей (и почему это непросто) || rss | INDUSTRY_MEDIA | MEDIUM | 2026-09-23 | Промпт-инжиниринг: чего не хватает в большинстве запросов к нейросетям || rss | INDUSTRY_MEDIA | MEDIUM | 2026-09-23 | До вайб‑кодинга оставалась четверть века… || rss | INDUSTRY_MEDIA | MEDIUM | 2026-09-23 | Как мы сделали универсальный ИИ-инструмент, который может создавать сам себя || rss | INDUSTRY_MEDIA | MEDIUM | 2026-09-23 | RAG с правами доступа: как не показать сотруднику документ, которого он не должен видеть",https://habr.com/ru/companies/sberbank/articles/1085230/?utm_campaign=1085230&utm_source=habrahabr&utm_medium=rss https://habr.com/ru/articles/1085860/?utm_campaign=1085860&utm_source=habrahabr&utm_medium=rss https://habr.com/ru/articles/1085668/?utm_campaign=1085668&utm_source=habrahabr&utm_medium=rss https://habr.com/ru/companies/simpleone/articles/1085188/?utm_campaign=1085188&utm_source=habrahabr&utm_medium=rss https://habr.com/ru/articles/1085600/?utm_campaign=1085600&utm_source=habrahabr&utm_medium=rss,,
bgrp-0d57b7b20f,2,синтетическая биология в производстве материалов,Зеленый синтез наночастиц с использованием растительных экстрактов,nanoparticles characteristics synthesis,"openalex | SCIENTIFIC_PUBLICATION | HIGH | 2023-04-17 | A review on nanoparticles: characteristics, synthesis, applications, and challenges || openalex | SCIENTIFIC_PUBLICATION | HIGH | 2023-08-01 | Revisiting the Green Synthesis of Nanoparticles: Uncovering Influences of Plant Extracts as Reducing Agents for Enhanced Synthesis Efficiency and Its Biomedical Applications || openalex | SCIENTIFIC_PUBLICATION | HIGH | 2024-01-26 | Exploring synthesis and applications of green nanoparticles and the role of nanotechnology in wastewater treatment || openalex | SCIENTIFIC_PUBLICATION | HIGH | 2023-06-22 | Nanotechnology–General Aspects: A Chemical Reduction Approach to the Synthesis of Nanoparticles || openalex | SCIENTIFIC_PUBLICATION | HIGH | 2023-04-10 | Green synthesis of silver nanoparticles using Curcuma longa flower extract and antibacterial activity",https://doi.org/10.3389/fmicb.2023.1155622 https://doi.org/10.2147/ijn.s419369 https://doi.org/10.1016/j.btre.2024.e00830 https://doi.org/10.3390/molecules28134932 http://arxiv.org/abs/2304.04777,,
bgrp-53c88fbe9c,2,edge-вычисления и периферийный инференс,ИНДУСТРИИ 4,ИНДУСТРИИ 4,openalex | SCIENTIFIC_PUBLICATION | HIGH | 2025-01-01 | Интеллектуальные системы в станкостроении || openalex | SCIENTIFIC_PUBLICATION | HIGH | 2025-01-01 | Алгоритм дистанционного управления коммерческим транспортом || openalex | SCIENTIFIC_PUBLICATION | HIGH | 2023-09-30 | СОВРЕМЕННЫЕ ТЕНДЕНЦИИ РАЗВИТИЯ И ПОСЛЕДСТВИЯ ВНЕДРЕНИЯ ИНДУСТРИИ 4.0,https://elib.gstu.by/handle/220612/46660 http://dspace.susu.ru/xmlui/handle/00001.74/64508 http://doi.org/10.14451/2.183.47,,
bgrp-b07e5e6314,2,edge-вычисления и периферийный инференс,Технология: Edge-Authoritative OT Enforcement,Edge-Authoritative OT Enforcement,zenodo | PREPRINT | MEDIUM | 2026-09-18 | Toward Reproducible Local Evaluation of Prompt Injection in Open-Weight LLMs: Design and Threat Model || zenodo | PREPRINT | MEDIUM | 2026-09-02 | Don't Train From Scratch: Persistent Gains from Pruning-Initialised Distillation for Edge Language Models || zenodo | PREPRINT | MEDIUM | 2026-07-17 | Best Token Use Path (BTUP): Client-Side Traffic Engineering for Cost-Aware LLM Inference || zenodo | PREPRINT | MEDIUM | 2026-07-19 | Edge-Authoritative OT Enforcement Under DDIL Communications: A Mission-Command-Inspired Design and Proof of Concept,https://zenodo.org/records/22819019 https://zenodo.org/records/22257478 https://zenodo.org/records/21413596 https://zenodo.org/records/21441140,,
bgrp-64776ce65d,2,индустриальный искусственный интеллект на производстве,Оценка сотрудничества человека и ИИ в производственных процессах,Evaluating Human-AI Collaboration,openalex | SCIENTIFIC_PUBLICATION | HIGH | 2024-07-09 | Evaluating Human-AI Collaboration: A Review and Methodological Framework || zenodo | PREPRINT | MEDIUM | 2026-04-15 | A Constraint-Driven Framework for Process-Traceable Human–AI Collaboration || openalex | SCIENTIFIC_PUBLICATION | HIGH | 2023-08-24 | Interpreting Black-Box Models: A Review on Explainable Artificial Intelligence,http://arxiv.org/abs/2407.19098 https://zenodo.org/records/19595077 https://doi.org/10.1007/s12559-023-10179-8,,
bgrp-46b8f7e990,2,индустриальный искусственный интеллект на производстве,Крупномасштабные языковые модели для индустриального искусственного интеллекта,Large Language Model,openalex | SCIENTIFIC_PUBLICATION | HIGH | 2024-02-15 | Inadequacies of Large Language Model Benchmarks in the Era of Generative Artificial Intelligence || openalex | SCIENTIFIC_PUBLICATION | HIGH | 2023-10-16 | FATE-LLM: A Industrial Grade Federated Learning Framework for Large Language Models || openalex | SCIENTIFIC_PUBLICATION | HIGH | 2023-12-22 | A Unified Industrial Large Knowledge Model Framework in Industry 4.0 and Smart Manufacturing || openalex | SCIENTIFIC_PUBLICATION | HIGH | 2023-03-15 | GPT-4 Technical Report,http://arxiv.org/abs/2402.09880 http://arxiv.org/abs/2310.10049 http://arxiv.org/abs/2312.14428 http://arxiv.org/abs/2303.08774,,
bgrp-d25384bf53,2,зелёный водород для промышленности,Водородные энергетические системы для промышленности будущего,hydrogen-to-X energy systems,openalex | SCIENTIFIC_PUBLICATION | HIGH | 2023-05-02 | Ramping up the hydrogen sector: An energy system modeling framework || openalex | SCIENTIFIC_PUBLICATION | HIGH | 2023-11-14 | Collaborative planning and optimization for electric-thermal-hydrogen-coupled energy systems with portfolio selection of the complete hydrogen energy chain || openalex | SCIENTIFIC_PUBLICATION | HIGH | 2023-01-20 | Integrated Planning of Multi-energy Grids: Concepts and Challenges || openalex | SCIENTIFIC_PUBLICATION | HIGH | 2023-02-02 | Power-to-hydrogen and hydrogen-to-X energy systems for the industry of the future in Europe || openalex | SCIENTIFIC_PUBLICATION | HIGH | 2023-09-18 | Energy Management of Hydrogen Hybrid Electric Vehicles -- A Potential Study,http://arxiv.org/abs/2305.02232 http://arxiv.org/abs/2311.07891 http://arxiv.org/abs/2301.08454 https://doi.org/10.1016/j.ijhydene.2023.01.194 http://arxiv.org/abs/2309.09804,,
bgrp-ea5dcdf7d5,2,робототехника и физический искусственный интеллект,Технология: Artificial Intelligence,Artificial Intelligence,openalex | SCIENTIFIC_PUBLICATION | HIGH | 2024-03-01 | Artificial Intelligence and Education || openalex | SCIENTIFIC_PUBLICATION | HIGH | 2023-03-09 | The German Innovation System || openalex | SCIENTIFIC_PUBLICATION | HIGH | 2023-01-01 | Possible consequences of the development of smart production systems “Smart Factory” during the period of intellectualization of living environment || openalex | SCIENTIFIC_PUBLICATION | HIGH | 2025-07-31 | Large language models (LLM): a new stage of digital transformation of the Russian agro-industrial complex,http://doi.org/10.37437/2222517x-2024-123-2-1-68 https://doi.org/10.37437/2222517x-2023-113-1-1-110 http://doi.org/10.35330/1991-6639-2023-6-116-329-344 https://doi.org/10.32417/1997-4868-2025-25-07-1129-1142,,
bgrp-b59f299bb0,2,перспективные решения в финтехе,Применение машинного обучения для прогнозирования и оптимизации криптовалютных портфелей на основе Ethereum,Machine learning Ethereum,openalex | SCIENTIFIC_PUBLICATION | HIGH | 2023-10-02 | Cryptocurrency Portfolio Optimization by Neural Networks || openalex | SCIENTIFIC_PUBLICATION | HIGH | 2023-10-14 | A Framework for Empowering Reinforcement Learning Agents with Causal Analysis: Enhancing Automated Cryptocurrency Trading || openalex | SCIENTIFIC_PUBLICATION | HIGH | 2024-06-12 | Machine learning Ethereum cryptocurrency prediction and knowledge-based investment strategies,http://arxiv.org/abs/2310.01148 http://arxiv.org/abs/2310.09462 https://doi.org/10.1016/j.knosys.2024.112088,,
bgrp-ebf39dab0b,2,edge-вычисления и периферийный инференс,Технология: architecture of 5G,architecture of 5G,"openalex | SCIENTIFIC_PUBLICATION | HIGH | 2025-04-15 | 5G Network Segmantation for IoT Applications: Perspective on Scalability and Flexibility Growth by 2025 Times || openalex | SCIENTIFIC_PUBLICATION | HIGH | 2024-09-06 | Next-Generation FPGA Architectures Through Balancing Performance, Flexibility, and Power Consumption || openalex | SCIENTIFIC_PUBLICATION | HIGH | 2026-05-15 | Features of building the architecture of 5G networks",https://doi.org/10.17725/rensit.2025.17.229 http://dx.doi.org/10.17725/rensit.2024.16.673 https://doi.org/10.21661/r-588688,,
bgrp-63082305bc,2,edge-вычисления и периферийный инференс,Технология: Multi-access Edge Computing,Multi-access Edge Computing,"openalex | SCIENTIFIC_PUBLICATION | HIGH | 2023-07-01 | Edge Intelligence—Research Opportunities for Distributed Computing Continuum Systems || openalex | SCIENTIFIC_PUBLICATION | HIGH | 2024-12-21 | Raft Distributed System for Multi-access Edge Computing Sharing Resources || openalex | SCIENTIFIC_PUBLICATION | HIGH | 2024-10-21 | Final Report for CHESS: Cloud, High-Performance Computing, and Edge for Science and Security",https://doi.org/10.1109/mic.2023.3284693 http://arxiv.org/abs/2412.16774 http://arxiv.org/abs/2410.16093,,
bgrp-3aa71b5be8,2,робототехника и физический искусственный интеллект,Платформа управления двигателями с искусственным интеллектом EdgeAI-MotorMind,EdgeAI-MotorMind,github | CODE_REPOSITORY | MEDIUM | 2026-03-09 | MOORTHIAE24/EdgeAI-MotorMind || openalex | SCIENTIFIC_PUBLICATION | HIGH | 2023-03-22 | Catalyzing next-generation Artificial Intelligence through NeuroAI,https://github.com/MOORTHIAE24/EdgeAI-MotorMind https://doi.org/10.1038/s41467-023-37180-x,,
bgrp-73e93b2f46,2,цифровые двойники в энергетике,Технология: digital technologies,digital technologies,openalex | SCIENTIFIC_PUBLICATION | HIGH | 2024-02-19 | Integrated management of urban resources toward Net-Zero smart cities considering renewable energies uncertainty and modeling in Digital Twin || openalex | SCIENTIFIC_PUBLICATION | HIGH | 2025-01-22 | Digitilising the energy sector: A comprehensive digital twin framework for biomass gasification power plant with CO2 capture || github | CODE_REPOSITORY | MEDIUM | 2026-05-25 | DanielWLiu07/wattif || openalex | SCIENTIFIC_PUBLICATION | HIGH | 2024-05-17 | Advances in emerging digital technologies for energy efficiency and energy integration in smart cities || github | CODE_REPOSITORY | MEDIUM | 2026-02-23 | giros-dit/EA-zero-touch-TE-NDT,https://doi.org/10.1016/j.seta.2024.103656 https://doi.org/10.1016/j.cles.2025.100175 https://github.com/DanielWLiu07/wattif https://doi.org/10.1016/j.enbuild.2024.114289 https://github.com/giros-dit/EA-zero-touch-TE-NDT,,
bgrp-c734f4c8bd,2,инфраструктура для искусственного интеллекта и дата-центры,Платформы искусственного интеллекта для умного дома и моделирования данных,AI_Powered_Smart_Home_System,github | CODE_REPOSITORY | MEDIUM | 2026-07-04 | ahmedMadh/AI_Powered_Smart_Home_System || github | CODE_REPOSITORY | MEDIUM | 2025-08-24 | mahajan07/LPT_DATA_MODELLING,https://github.com/ahmedMadh/AI_Powered_Smart_Home_System https://github.com/mahajan07/LPT_DATA_MODELLING,,
bgrp-dd35fab0e5,2,перспективные решения в финтехе,Трансформация корпоративного управления цифровыми активами,ТРАНСФОРМАЦИЯ КОРПОРАТИВНОГО УПРАВЛЕНИЯ,openalex | SCIENTIFIC_PUBLICATION | HIGH | 2023-01-01 | Управление развитием экологически ориентированных предпринимательских структур в условиях цифровой трансформации || openalex | SCIENTIFIC_PUBLICATION | HIGH | 2025-10-30 | ТРАНСФОРМАЦИЯ КОРПОРАТИВНОГО УПРАВЛЕНИЯ ЦИФРОВЫМИ АКТИВАМИ В ЭПОХУ РАСПРЕДЕЛЁННЫХ ТЕХНОЛОГИЙ: РОЛЬ ИСКУССТВЕННОГО ИНТЕЛЛЕКТА И БЛОКЧЕЙН-СИСТЕМ ВТОРОГО ПОКОЛЕНИЯ,http://dx.doi.org/10.17586/2310-1172-2023-16-4-46-56 https://doi.org/10.14451/1.251.291,,
bgrp-216265ad0c,2,перспективные решения в финтехе,Платформы гибридных выплат и платежей Cheqq и Byreixwift,cheqq,github | CODE_REPOSITORY | MEDIUM | 2026-01-04 | hyperstack-labs/byreixwift || github | CODE_REPOSITORY | MEDIUM | 2026-01-13 | unclekaldoteth/cheqq,https://github.com/hyperstack-labs/byreixwift https://github.com/unclekaldoteth/cheqq,,
bgrp-962cb43279,2,цифровые двойники в энергетике,Цифровизация предприятий электроэнергетического комплекса,ЦИФРОВИЗАЦИЯ ПРЕДПРИЯТИЙ ЭЛЕКТРОЭНЕРГЕТИЧЕСКОГО,"openalex | SCIENTIFIC_PUBLICATION | HIGH | 2025-12-30 | ИНТЕЛЛЕКТУАЛИЗАЦИЯ КАК ДРАЙВЕР РАЗВИТИЯ ЭКОНОМИКИ И ИНСТРУМЕНТ ПЛАНИРОВАНИЯ ЭЛЕКТРОЭНЕРГЕТИКИ || openalex | SCIENTIFIC_PUBLICATION | HIGH | 2024-03-30 | ЦИФРОВИЗАЦИЯ ПРЕДПРИЯТИЙ ЭЛЕКТРОЭНЕРГЕТИЧЕСКОГО КОМПЛЕКСА РОССИИ || openalex | SCIENTIFIC_PUBLICATION | HIGH | 2023-01-31 | ЦИФРОВЫЕ ИННОВАЦИОННЫЕ РЕШЕНИЯ, КАК ОСНОВНОЙ ИНСТРУМЕНТ ПОВЫШЕНИЯ КОНКУРЕНТНОГО ПРЕИМУЩЕСТВА ПРЕДПРИЯТИЙ НЕФТЕГАЗОВОЙ ОТРАСЛИ || openalex | SCIENTIFIC_PUBLICATION | HIGH | 2025-08-30 | МЕГАТРЕНДЫ СТРАТЕГИЧЕСКОГО РАЗВИТИЯ ЭЛЕКТРОЭНЕРГЕТИКИ ПРИ ПЕРЕХОДЕ К НОВОМУ БИЗНЕС-УКЛАДУ",https://doi.org/10.14451/1.253.322 http://doi.org/10.14451/1.232.343 https://doi.org/10.14451/1.218.383 https://doi.org/10.14451/1.249.151,,
bgrp-198b3e9eac,2,квантовые сенсоры для навигации,Многомодальное объединение сенсоров для автономной подводной навигации,Multimodal Sensor Fusion,semantic_scholar | SCIENTIFIC_PUBLICATION | HIGH | 2025-10-28 | Marine-Inspired Multimodal Sensor Fusion and Neuromorphic Processing for Autonomous Navigation in Unstructured Subaquatic Environments || semantic_scholar | SCIENTIFIC_PUBLICATION | HIGH | 2024-11-24 | Advancements in Sensor Fusion for Underwater SLAM: A Review on Enhanced Navigation and Environmental Perception || zenodo | PREPRINT | MEDIUM | 2026-05-18 | Dynamic Coupling in Cognitive Guidance Systems Under Variable Inertial and Gravitational Metric Perturbations: A Prospective Conceptual Framework,https://www.semanticscholar.org/paper/9355355f0f7196198f425d42a6b742460afc6251 https://www.semanticscholar.org/paper/30d5adef6b6339e8e05ad30e26162424b4970bba https://zenodo.org/records/20269333,,
bgrp-c87d35991e,2,перспективные решения в финтехе,Применение больших языковых моделей (LLM) в финтехе,GPT-4 Technical Report,openalex | SCIENTIFIC_PUBLICATION | HIGH | 2024-01-22 | Revolutionizing Finance with LLMs: An Overview of Applications and Insights || openalex | SCIENTIFIC_PUBLICATION | HIGH | 2023-08-13 | Transforming Sentiment Analysis in the Financial Domain with ChatGPT || openalex | SCIENTIFIC_PUBLICATION | HIGH | 2023-03-15 | GPT-4 Technical Report || openalex | SCIENTIFIC_PUBLICATION | HIGH | 2023-11-12 | Autonomous GIS: the next-generation AI-powered GIS,https://arxiv.org/abs/2401.11641 http://arxiv.org/abs/2308.07935 http://arxiv.org/abs/2303.08774 https://doi.org/10.1080/17538947.2023.2278895,,
bgrp-b0ad826018,2,перспективные решения в финтехе,Платформа MetaMind-Aychain AI-NEXUS для интеллектуального сотрудничества,MetaMind-Aychain AI-NEXUS,github | CODE_REPOSITORY | MEDIUM | 2025-04-19 | sohan2000/ai-agents-for-construction || github | CODE_REPOSITORY | MEDIUM | 2023-03-15 | LaughingThi00/CapstoneProject_222 || github | CODE_REPOSITORY | MEDIUM | 2025-08-07 | MetaMind-Aychain/AI-NEXUS,https://github.com/sohan2000/ai-agents-for-construction https://github.com/LaughingThi00/CapstoneProject_222 https://github.com/MetaMind-Aychain/AI-NEXUS,,
bgrp-0c499cc9a6,2,ИИ-агенты для разработки программного обеспечения,Искусственный интеллект в разработке программного обеспечения,INTELLIGENCE IN RUSSIA,openalex | SCIENTIFIC_PUBLICATION | HIGH | 2024-01-01 | LEGAL PROBLEMS IN USING ARTIFICIAL INTELLIGENCE IN RUSSIA || openalex | SCIENTIFIC_PUBLICATION | HIGH | 2023-01-04 | Legal Issues of the Legal Status of Artificial Intelligence and Products Created by Artificial Intelligence Systems || openalex | SCIENTIFIC_PUBLICATION | HIGH | 2026-01-01 | THE IMPACT OF AI ON THE DEVELOPENT OF UNIVERSITY STUDENTS’ CRITICAL THINKING,https://doi.org/10.21681/1994-1404-2024-1-4-19 https://doi.org/10.12737/jrl.2022.060 https://doi.org/10.17513/snt.40688,,
bgrp-ccf253360d,2,облачные вычисления,Рекуррентные нейронные сети для прогнозирования трафика в облачных архитектурах,Recurrent Neural Networks,"openalex | SCIENTIFIC_PUBLICATION | HIGH | 2024-08-25 | Recurrent Neural Networks: A Comprehensive Review of Architectures, Variants, and Applications || openalex | SCIENTIFIC_PUBLICATION | HIGH | 2023-01-10 | Deep Learning Approaches for Traffic Prediction Forecasting in Multi-Level Cloud Architecture for Autonomous Vehicle Services",https://doi.org/10.3390/info15090517 http://dx.doi.org/10.31854/1813-324x-2022-8-4-89-99,,
bgrp-c1c4ea653c,2,edge-вычисления и периферийный инференс,Edgeloom и проекты периферийных вычислений,edgeloom-oss edgeloom,github | CODE_REPOSITORY | MEDIUM | 2026-02-01 | SyedUmerHasan/EdgeGuard || github | CODE_REPOSITORY | MEDIUM | 2026-03-03 | 01rabbit/Azazel-Edge || github | CODE_REPOSITORY | MEDIUM | 2025-11-11 | edgeloom-oss/edgeloom || github | CODE_REPOSITORY | MEDIUM | 2026-04-05 | raphaelmansuy/edgecrab,https://github.com/SyedUmerHasan/EdgeGuard https://github.com/01rabbit/Azazel-Edge https://github.com/edgeloom-oss/edgeloom https://github.com/raphaelmansuy/edgecrab,,
bgrp-6112c1c0fa,2,индустриальный искусственный интеллект на производстве,Технология: wanglin1111111 ai-industrial-upgrade-intelligent-manufacturing,wanglin1111111 ai-industrial-upgrade-intelligent-manufacturing,github | CODE_REPOSITORY | MEDIUM | 2025-08-25 | NeilTheKnight/VisionQC-NeXtGen || github | CODE_REPOSITORY | MEDIUM | 2026-05-25 | wanglin1111111/ai-industrial-upgrade-intelligent-manufacturing,https://github.com/NeilTheKnight/VisionQC-NeXtGen https://github.com/wanglin1111111/ai-industrial-upgrade-intelligent-manufacturing,,
bgrp-43f90fada7,2,edge-вычисления и периферийный инференс,учёту расходных материалов,учёту расходных материалов,openalex | SCIENTIFIC_PUBLICATION | HIGH | 2023-01-01 | Разработка приложения по учёту расходных материалов офисного оборудования || openalex | SCIENTIFIC_PUBLICATION | HIGH | 2025-01-01 | Разработка измерительного канала автоматической системы поддержания температуры нагрева нефти || openalex | SCIENTIFIC_PUBLICATION | HIGH | 2025-01-01 | Разработка модели системы определения электромагнитного момента тяговых электроприводов || openalex | SCIENTIFIC_PUBLICATION | HIGH | 2024-01-01 | Цифровой беспроводной неинвазивный глюкометр || openalex | SCIENTIFIC_PUBLICATION | HIGH | 2023-01-01 | Организация информационного обмена и анализа данных стенда ДВС.,http://dspace.susu.ru/xmlui/handle/00001.74/54407 http://dspace.susu.ru/xmlui/handle/00001.74/65858 http://dspace.susu.ru/xmlui/handle/00001.74/66874 http://dspace.susu.ru/xmlui/handle/00001.74/57446 http://dspace.susu.ru/xmlui/handle/00001.74/54817,,
bgrp-f1a65d1ba7,2,edge-вычисления и периферийный инференс,Платформы безопасности и автоматизации на основе edge-вычислений,KochiyaSanaeNya EdgeSecurityAccess,github | CODE_REPOSITORY | MEDIUM | 2024-03-28 | Symph0nia/CyberEdge || github | CODE_REPOSITORY | MEDIUM | 2026-06-11 | Lolitide/VirusDetector || github | CODE_REPOSITORY | MEDIUM | 2026-05-06 | KochiyaSanaeNya/EdgeSecurityAccess || github | CODE_REPOSITORY | MEDIUM | 2023-11-01 | omegaee/my-fingerprint || github | CODE_REPOSITORY | MEDIUM | 2023-08-18 | marsvillager/PaperWorkflowAutomation,https://github.com/Symph0nia/CyberEdge https://github.com/Lolitide/VirusDetector https://github.com/KochiyaSanaeNya/EdgeSecurityAccess https://github.com/omegaee/my-fingerprint https://github.com/marsvillager/PaperWorkflowAutomation,,
bgrp-9efd32108f,2,индустриальный искусственный интеллект на производстве,Система обнаружения вторжений 1D-CNN-IDS для промышленного Интернета вещей,1D-CNN-IDS,zenodo | PREPRINT | MEDIUM | 2026-08-29 | Optimizing Edge AI for Industrial Inspection: A Comparative Study of SVD Factorization vs. Traditional Model Compression || openalex | SCIENTIFIC_PUBLICATION | HIGH | 2024-09-13 | 1D-CNN-IDS: 1D CNN-based Intrusion Detection System for IIoT,https://zenodo.org/records/22155058 https://arxiv.org/abs/2409.08529,,
bgrp-075a4beb53,2,индустриальный искусственный интеллект на производстве,Технология: abhayra12 industrial-data-bridge,abhayra12 industrial-data-bridge,github | CODE_REPOSITORY | MEDIUM | 2026-04-08 | meacheal-ai/mrc-data || github | CODE_REPOSITORY | MEDIUM | 2026-02-04 | abhayra12/industrial-data-bridge,https://github.com/meacheal-ai/mrc-data https://github.com/abhayra12/industrial-data-bridge,,
bweb-optimus-million-units-claim,2,робототехника и физический искусственный интеллект,Optimus Gen 3 million units per year factory plans,,— | CORPORATE_BLOG | LOW | 2026-07-11 | Top 10 Humanoid Robot Startups 2026: Ranked by Funding || — | CORPORATE_BLOG | LOW | 2026-06-29 | Humanoid robots in factories: for when?,https://theroboticlife.com/top-10-humanoid-robot-startups-2026/ https://newmarketpitch.com/blogs/news/humanoid-robotics-factories-when,,
bgrp-0d4f496e6f,2,инфраструктура для искусственного интеллекта и дата-центры,Платформы для безопасного биометрического распознавания лиц и предотвращения мошенничества с платежами,Secure_Face_AI,github | CODE_REPOSITORY | MEDIUM | 2026-06-29 | kumar-shanu-1881/Secure_Face_AI || github | CODE_REPOSITORY | MEDIUM | 2025-04-23 | kashish1023/SafePeAi,https://github.com/kumar-shanu-1881/Secure_Face_AI https://github.com/kashish1023/SafePeAi,,
bgrp-42487edaf2,2,edge-вычисления и периферийный инференс,Распределённая акустическая Mesh-система мониторинга утечек на базе микроконтроллеров ESP32,акустической Mesh-системы мониторинга,openalex | SCIENTIFIC_PUBLICATION | HIGH | 2026-01-01 | Разработка распределённой акустической Mesh-системы мониторинга утечек на промышленных объектах с использованием микроконтроллеров ESP32 || openalex | SCIENTIFIC_PUBLICATION | HIGH | 2026-06-01 | Применение архитектур YOLO для распознавания объектов в задачах промышленного мониторинга нефтегазового комплекса,https://libeldoc.bsuir.by/handle/123456789/64469 https://doi.org/10.47813/2782-2818-2026-6-2-1056-1061,,
bgrp-316a2f7fbf,2,зелёный водород для промышленности,Использование зелёного водорода в промышленности,водородном топливе,openalex | SCIENTIFIC_PUBLICATION | HIGH | 2025-01-01 | Hydrogen energy || openalex | SCIENTIFIC_PUBLICATION | HIGH | 2025-01-01 | Станут ли автомобили на водородном топливе новым стимулом для развития рынков углерода?,https://rep.bntu.by/handle/data/164087 https://cyberleninka.ru/article/n/stanut-li-avtomobili-na-vodorodnom-toplive-novym-stimulom-dlya-razvitiya-rynkov-ugleroda,,
bgrp-e112e8ebfb,2,квантовые сенсоры для навигации,Технология: POA-QPSO Hybrid Algorithm,POA-QPSO Hybrid Algorithm,semantic_scholar | SCIENTIFIC_PUBLICATION | HIGH | 2026-02-01 | A POA-QPSO Hybrid Algorithm for Multi-Objective Optimization of Dual-Layer Walker Constellations || zenodo | PREPRINT | MEDIUM | 2025-08-28 | Neural-Plasma Algorithm for Non-Invasive Signal Detection and Hyperspace Communication via CubeSat Constellation || semantic_scholar | SCIENTIFIC_PUBLICATION | HIGH | 2024-03-02 | Passive Optical Links Supporting Spaceborne Low Radio Frequency Interferometric Telescope || semantic_scholar | SCIENTIFIC_PUBLICATION | HIGH | 2025-01-01 | Noise Processing Method of MEMS Tilt Sensor Using Improved Kalman Filter Based on Quantum Particle Swarm Optimization,https://www.semanticscholar.org/paper/9c5d738fcb34922d0914da1d0d6ec94481b7f933 https://zenodo.org/records/16982197 https://www.semanticscholar.org/paper/f16767d662b9184d7cc34f5759eaebfef04e62bc https://www.semanticscholar.org/paper/52956a7b68369c8f5e5bdec91b9c0bbc28abfdf8,,
bgrp-789403f054,2,индустриальный искусственный интеллект на производстве,Технология: Project---Applied-Industrial-AI-for-Manufacturing,Project---Applied-Industrial-AI-for-Manufacturing,github | CODE_REPOSITORY | MEDIUM | 2026-09-08 | Moataz619/Moataz619 || github | CODE_REPOSITORY | MEDIUM | 2026-04-24 | Pandaysantosh/Industrial-AI-Agent || github | CODE_REPOSITORY | MEDIUM | 2026-04-21 | geoshajan/Project---Applied-Industrial-AI-for-Manufacturing || github | CODE_REPOSITORY | MEDIUM | 2026-03-03 | Omabel212/SmartOPsTech_Design || github | CODE_REPOSITORY | MEDIUM | 2026-03-05 | Hanan-Nahas/industrial-agentic-ai,https://github.com/Moataz619/Moataz619 https://github.com/Pandaysantosh/Industrial-AI-Agent https://github.com/geoshajan/Project---Applied-Industrial-AI-for-Manufacturing https://github.com/Omabel212/SmartOPsTech_Design https://github.com/Hanan-Nahas/industrial-agentic-ai,,
bgrp-ec3aae1463,2,перспективные решения в финтехе,Платформы подписки и образовательные сервисы на основе смарт-контрактов,EduEnroll_smartContract,github | CODE_REPOSITORY | MEDIUM | 2026-01-17 | Clement-coder/subscription-platform-contracts || github | CODE_REPOSITORY | MEDIUM | 2025-03-28 | MrinalSingh04/EduEnroll_smartContract,https://github.com/Clement-coder/subscription-platform-contracts https://github.com/MrinalSingh04/EduEnroll_smartContract,,
bweb-ssb-company-listicles,2,твердотельные аккумуляторы для электротранспорта,solid-state battery companies to watch,,— | CORPORATE_BLOG | LOW | 2026-07-02 | Solid-State Battery Companies to Watch in 2026 || — | CORPORATE_BLOG | LOW | 2026-06-08 | Solid State Battery Manufacturing 2026: Oem Timelines,https://xnergy.us/solid-state-battery-companies-2026/ https://beyondtmrw.org/article/solid-state-batteries-manufacturing-roadblocks-and-2026-pilot-lines,,
bgrp-89cef6215f,2,edge-вычисления и периферийный инференс,Платформы ToolsHive Intrudex и senthree3 THYX для периферийного видеоанализа,ToolsHive Intrudex,github | CODE_REPOSITORY | MEDIUM | 2025-04-11 | ToolsHive/Intrudex || github | CODE_REPOSITORY | MEDIUM | 2025-07-17 | senthree3/THYX,https://github.com/ToolsHive/Intrudex https://github.com/senthree3/THYX,,
bweb-chery-600whkg-claim,2,твердотельные аккумуляторы для электротранспорта,600 Wh/kg solid-state cell demo 1200 km range,,"— | CORPORATE_BLOG | LOW | 2026-05-20 | Solid-State Batteries 2026: Advances, Challenges & Applications",https://www.bonnenbatteries.com/solid-state-batteries-advances-challenges-future-use-cases/,,
bgrp-6c285d6409,2,беспилотная доставка последней мили,Технология: autonomous drone navigation,autonomous drone navigation,"openalex | SCIENTIFIC_PUBLICATION | HIGH | 2023-08-19 | Last mile delivery routing problem using autonomous electric vehicles || openalex | SCIENTIFIC_PUBLICATION | HIGH | 2024-03-05 | Consumer acceptance of the autonomous robot in last-mile delivery: A combined perspective of resource-matching, perceived risk and value theories || openalex | SCIENTIFIC_PUBLICATION | HIGH | 2024-01-30 | Drone Applications in Logistics and Supply Chain Management: A Systematic Review Using Latent Dirichlet Allocation || openalex | SCIENTIFIC_PUBLICATION | HIGH | 2023-12-07 | A cyber-physical social system for autonomous drone trajectory planning in last-mile superchilling delivery || openalex | SCIENTIFIC_PUBLICATION | HIGH | 2025-01-01 | The Costs of Self-Driving Cars: Reconciling Freedom and Privacy with Tort Liability in Autonomous Vehicle Regulation",https://doi.org/10.1016/j.cie.2023.109552 https://doi.org/10.1016/j.tra.2024.104008 https://doi.org/10.1007/s13369-023-08681-0 https://doi.org/10.1016/j.trc.2023.104448 https://doi.org/10.2139/ssrn.5288625,,
bgrp-9a30152b77,2,синтетическая биология в производстве материалов,Микропластик в России: исследования и методы стабилизации,Microplastics in Russia,"openalex | SCIENTIFIC_PUBLICATION | HIGH | 2023-01-16 | Comparative experimental study of L7-S1 stabilization methods || openalex | SCIENTIFIC_PUBLICATION | HIGH | 2023-01-03 | Legal Protection of Surface Water Bodies from Microplastics in Russia || openalex | SCIENTIFIC_PUBLICATION | HIGH | 2023-01-01 | V International Scientific Conference «MIP-V-2023: Modernization, Innovations, Progress»",http://doi.org/10.52419/3006-2022-7-80-83 https://doi.org/10.12737/jrl.2022.021 http://doi.org/10.47813/mip.5.2023.9,,
bgrp-72c55e7144,2,беспилотная доставка последней мили,Использование больших языковых моделей для автономной доставки последней мили,Large Language Models,openalex | SCIENTIFIC_PUBLICATION | HIGH | 2023-03-15 | GPT-4 Technical Report || openalex | SCIENTIFIC_PUBLICATION | HIGH | 2023-12-14 | DriveMLM: Aligning Multi-Modal Large Language Models with Behavioral Planning States for Autonomous Driving,http://arxiv.org/abs/2303.08774 http://arxiv.org/abs/2312.09245,,
bgrp-d72bb7d10e,2,перспективные решения в финтехе,Перспективы развития финтех-инноваций,Prospects of Fintech,openalex | SCIENTIFIC_PUBLICATION | HIGH | 2024-10-30 | Fintech Sector in the Context of Financial Development and Problems of its Measurement || openalex | SCIENTIFIC_PUBLICATION | HIGH | 2023-10-25 | Trends and Prospects of Fintech Innovations,https://doi.org/10.26794/2587-5671-2024-28-5-121-132 https://doi.org/10.34773/eu.2023.5.4,,
bgrp-6155f8f042,2,edge-вычисления и периферийный инференс,Цифровизация энергетики с помощью краевых вычислений,цифровизации энергетики,openalex | SCIENTIFIC_PUBLICATION | HIGH | 2023-10-27 | Краевые вычисления для цифровизации энергетики. Аналитический обзор || openalex | SCIENTIFIC_PUBLICATION | HIGH | 2024-12-25 | Применение облачных и граничных технологий при развитии интеллектуальной энергосистемы,https://doi.org/10.34706/de-2023-04-08 https://doi.org/10.25729/esi.2024.36.4.008,,
bgrp-0d08786980,2,перспективные решения в финтехе,Технология: AI-Powered Chargeback Prediction,AI-Powered Chargeback Prediction,zenodo | PREPRINT | HIGH | 2023-03-22 | AI-Powered Chargeback Prediction and Dispute Automation Using Explainable Deep Learning Models || zenodo | PREPRINT | HIGH | 2023-08-28 | AI-Enhanced Predictive Analytics for Intraday Liquidity Management in High-Volume Payment Hubs || zenodo | PREPRINT | HIGH | 2023-01-15 | AI-Driven Adaptive Risk Scoring for Real-Time U.S. Payment Streams Using Graph Neural Networks (GNNs) || zenodo | PREPRINT | HIGH | 2023-05-19 | Reinforcement Learning for Optimizing Fee Routing and Surcharging Decisions in Digital Payment Networks,https://zenodo.org/records/17780758 https://zenodo.org/records/17781314 https://zenodo.org/records/17780352 https://zenodo.org/records/17781220,,
bgrp-596fa3011d,2,защита и безопасность систем искусственного интеллекта,Защита и безопасность систем искусственного интеллекта,artificial intelligence,"openalex | SCIENTIFIC_PUBLICATION | HIGH | 2025-10-15 | Discrimination, artificial intelligence, and algorithmic decision-making || openalex | SCIENTIFIC_PUBLICATION | HIGH | 2024-08-15 | Trusted artificial intelligence",http://arxiv.org/abs/2510.13465 https://doi.org/10.31857/s0869587324030039,,
bgrp-fd895f81d6,2,твердотельные аккумуляторы для электротранспорта,Твердотельные аккумуляторы для электромобилей,omchakunde Advancements-in-Battery-Technology-for-Electric-Vehicles-Solid-State-vs Lithium-Ion-Batteries-,"openalex | SCIENTIFIC_PUBLICATION | HIGH | 2024-06-05 | Cycle life studies of lithium-ion power batteries for electric vehicles: A review || github | CODE_REPOSITORY | MEDIUM | 2026-07-05 | omchakunde/Advancements-in-Battery-Technology-for-Electric-Vehicles-Solid-State-vs.-Lithium-Ion-Batteries- || openalex | SCIENTIFIC_PUBLICATION | HIGH | 2023-06-30 | Battery technologies and functionality of battery management system for EVs: Current status, key challenges, and future prospectives || openalex | SCIENTIFIC_PUBLICATION | HIGH | 2023-02-08 | Electrolyte design for Li-ion batteries under extreme operating conditions",https://doi.org/10.1016/j.est.2024.112231 https://github.com/omchakunde/Advancements-in-Battery-Technology-for-Electric-Vehicles-Solid-State-vs.-Lithium-Ion-Batteries- https://doi.org/10.1016/j.jpowsour.2023.233349 https://doi.org/10.1038/s41586-022-05627-8,,
bgrp-743b32204e,2,инфраструктура для искусственного интеллекта и дата-центры,Развитие технологий искусственного интеллекта в России,artificial intelligence development,openalex | SCIENTIFIC_PUBLICATION | HIGH | 2024-01-01 | Managing the development of artificial intelligence in Russia through the prism of theory and methodology of strategizing || openalex | SCIENTIFIC_PUBLICATION | HIGH | 2025-06-13 | Artificial intelligence technologies as a factor in the digital economy development: Assessment of socio-economic effects || openalex | SCIENTIFIC_PUBLICATION | HIGH | 2024-06-30 | The contemporary trends and strategic targets of artificial intelligence development in the Russian Federation || openalex | SCIENTIFIC_PUBLICATION | HIGH | 2024-04-17 | Artificial intelligence in changing pedagogical design,https://doi.org/10.22394/1726-1139-2024-6-240-254 https://doi.org/10.35854/1998-1627-2025-5-593-601 https://doi.org/10.37468/2307-1400-2024-2-66-74 https://doi.org/10.20913/2618-7515-2024-1-2,,
bgrp-570d1d69c3,2,защита и безопасность систем искусственного интеллекта,ИИ уже умеет,ИИ уже умеет,"rss | INDUSTRY_MEDIA | MEDIUM | 2026-09-22 | ИИ – это трактор без водителя: почему 98% разработки с LLM решает экосистема || rss | INDUSTRY_MEDIA | MEDIUM | 2026-09-22 | ИИ режет не рутину, а расходы. Поэтому подушка теперь базовый минимум || rss | INDUSTRY_MEDIA | MEDIUM | 2026-09-22 | 1352 кейса внедрения ИИ в России: почему в продакшене побеждает не модель, а обвязка || rss | INDUSTRY_MEDIA | MEDIUM | 2026-09-22 | Что ИИ уже умеет делать за проджект-менеджера || rss | INDUSTRY_MEDIA | MEDIUM | 2026-09-22 | Искусственным интеллектом должен владеть естественный: кто отвечает за ошибки ИИ",https://habr.com/ru/companies/diasoft_company/articles/1084892/?utm_campaign=1084892&utm_source=habrahabr&utm_medium=rss https://habr.com/ru/articles/1085128/?utm_campaign=1085128&utm_source=habrahabr&utm_medium=rss https://habr.com/ru/articles/1085314/?utm_campaign=1085314&utm_source=habrahabr&utm_medium=rss https://habr.com/ru/companies/yoomoney/articles/1085290/?utm_campaign=1085290&utm_source=habrahabr&utm_medium=rss https://habr.com/ru/companies/simpleone/articles/1085172/?utm_campaign=1085172&utm_source=habrahabr&utm_medium=rss,,
bgrp-19dfc29bc8,2,защита и безопасность систем искусственного интеллекта,Технология: lglucas ai-dev-operating-system,lglucas ai-dev-operating-system,github | CODE_REPOSITORY | MEDIUM | 2026-04-27 | lglucas/ai-dev-operating-system || github | CODE_REPOSITORY | MEDIUM | 2026-05-21 | andyvandaric/acs || github | CODE_REPOSITORY | MEDIUM | 2026-07-01 | AshExplained/roblox-skills || github | CODE_REPOSITORY | MEDIUM | 2026-04-06 | kissrosecicd-hub/agents-evolution,https://github.com/lglucas/ai-dev-operating-system https://github.com/andyvandaric/acs https://github.com/AshExplained/roblox-skills https://github.com/kissrosecicd-hub/agents-evolution,,
bgrp-4e9bfca45c,2,инфраструктура для искусственного интеллекта и дата-центры,Promptly-Lite: платформа для динамических ИИ-систем с открытым кодом,promptly-lite,github | CODE_REPOSITORY | MEDIUM | 2026-09-09 | Reicher/Source || github | CODE_REPOSITORY | MEDIUM | 2025-05-10 | SaidiSouhaieb/promptly-lite,https://github.com/Reicher/Source https://github.com/SaidiSouhaieb/promptly-lite,,
bgrp-65f1d23e0d,2,перспективные решения в финтехе,XTRAGES smartpension — система верификации пенсий на основе блокчейна,XTRAGES smartpension,github | CODE_REPOSITORY | MEDIUM | 2023-10-14 | MED1024/Digital-Barter || github | CODE_REPOSITORY | MEDIUM | 2024-11-24 | TonyP4N/HRManager || github | CODE_REPOSITORY | MEDIUM | 2025-06-14 | XTRAGES/smartpension || github | CODE_REPOSITORY | MEDIUM | 2024-06-18 | Afreenmulani/FinalYearProject,https://github.com/MED1024/Digital-Barter https://github.com/TonyP4N/HRManager https://github.com/XTRAGES/smartpension https://github.com/Afreenmulani/FinalYearProject,,
bgrp-4898de48ab,2,малые языковые модели на мобильных устройствах,Технология: models for chemistry,models for chemistry,openalex | SCIENTIFIC_PUBLICATION | HIGH | 2024-11-25 | Probing the limitations of multimodal language models for chemistry and materials research || openalex | SCIENTIFIC_PUBLICATION | HIGH | 2023-12-20 | Autonomous chemical research with large language models,http://arxiv.org/abs/2411.16955 https://doi.org/10.1038/s41586-023-06792-0,,
bgrp-1a08083e45,2,защита и безопасность систем искусственного интеллекта,Искусственный интеллект в научных публикациях и образовании,Artificial Intelligence Systems,openalex | SCIENTIFIC_PUBLICATION | HIGH | 2024-01-01 | LEGAL PROBLEMS IN USING ARTIFICIAL INTELLIGENCE IN RUSSIA || openalex | SCIENTIFIC_PUBLICATION | HIGH | 2023-01-04 | Legal Issues of the Legal Status of Artificial Intelligence and Products Created by Artificial Intelligence Systems || openalex | SCIENTIFIC_PUBLICATION | HIGH | 2023-01-01 | THE USE OF TEXT NEURAL NETWORKS AND ARTIFICIAL INTELLIGENCE IN STUDENTS' ACADEMIC PAPERS,https://doi.org/10.21681/1994-1404-2024-1-4-19 https://doi.org/10.12737/jrl.2022.060 https://doi.org/10.31862/2218-8711-2023-5-206-216,,
bgrp-14d51f288a,2,защита и безопасность систем искусственного интеллекта,Механизмы коллективного контроля и наблюдения безопасности ИИ,seanpixel council-of-ai,github | CODE_REPOSITORY | MEDIUM | 2026-01-01 | SpeyTech/c-sentinel || github | CODE_REPOSITORY | MEDIUM | 2023-04-14 | seanpixel/council-of-ai,https://github.com/SpeyTech/c-sentinel https://github.com/seanpixel/council-of-ai,,
bgrp-dca96d5d6a,2,защита и безопасность систем искусственного интеллекта,Практики защиты и безопасного внедрения систем искусственного интеллекта,Implementing-AI-Systems-Whitepaper,github | CODE_REPOSITORY | MEDIUM | 2023-05-10 | VolkanSah/Implementing-AI-Systems-Whitepaper || github | CODE_REPOSITORY | MEDIUM | 2025-11-30 | icdfa/iso-42001-lead-implementer-toolkit,https://github.com/VolkanSah/Implementing-AI-Systems-Whitepaper https://github.com/icdfa/iso-42001-lead-implementer-toolkit,,
bgrp-0565456e5a,2,перспективные решения в финтехе,CampusPay — система платежей на базе частного блокчейна для студенческих кампусов,campuspay,github | CODE_REPOSITORY | MEDIUM | 2025-04-04 | Mahaveer1013/Refunded-Based-Learning-Platform || github | CODE_REPOSITORY | MEDIUM | 2023-11-02 | RachanMurthy/campuspay || github | CODE_REPOSITORY | MEDIUM | 2025-05-21 | ayushkumarTomar/NeoPay || github | CODE_REPOSITORY | MEDIUM | 2024-08-27 | machinelearningprodigy/Tution-Token-System,https://github.com/Mahaveer1013/Refunded-Based-Learning-Platform https://github.com/RachanMurthy/campuspay https://github.com/ayushkumarTomar/NeoPay https://github.com/machinelearningprodigy/Tution-Token-System,,
bgrp-369be77aa4,2,индустриальный искусственный интеллект на производстве,Искусственный интеллект в промышленной координации и производственных экосистемах США,US AI Ecosystem,"zenodo | PREPRINT | MEDIUM | 2026-07-21 | A Political Economic Perspective on the Global Generative AI Adventure || zenodo | PREPRINT | MEDIUM | 2026-09-20 | The US AI Ecosystem as Two Coupled Non-Equilibrium Steady-State Dissipative Structures || zenodo | PREPRINT | MEDIUM | 2026-06-15 | The Second Threshold of Artificial Intelligence: Industrial Coordination, Employment Asymmetry, and Strategic Lockout in the United States and China",https://zenodo.org/records/21466694 https://zenodo.org/records/22853081 https://zenodo.org/records/20698119,,
bgrp-beb6e8d457,2,индустриальный искусственный интеллект на производстве,Технология: QID-NPI Edge-Native Cognitive,QID-NPI Edge-Native Cognitive,zenodo | PREPRINT | MEDIUM | 2026-05-30 | Multi-Agent Legacy Architecture || zenodo | PREPRINT | MEDIUM | 2026-05-31 | QID-NPI: Edge-Native Cognitive Hypervisors for Deterministic Context Injection in Zero-Trust SCADA Environments,https://zenodo.org/records/19954858 https://zenodo.org/records/20480414,,
bgrp-d90d98702c,2,защита и безопасность систем искусственного интеллекта,Платформы Bug Bounty и инструменты защиты кода с использованием ИИ,0xN0RMXL BugBountySkills,github | CODE_REPOSITORY | MEDIUM | 2025-11-18 | andrearaponi/bob-the-fixer || github | CODE_REPOSITORY | MEDIUM | 2026-04-25 | 0xN0RMXL/BugBountySkills,https://github.com/andrearaponi/bob-the-fixer https://github.com/0xN0RMXL/BugBountySkills,,
bgrp-79a5328da7,2,индустриальный искусственный интеллект на производстве,Индустриальный искусственный интеллект на производстве,Industrial AI,zenodo | PREPRINT | HIGH | 2025-07-25 | Why artificial intelligence is missing in occupational health engineering and HSE management in Iran || semantic_scholar | SCIENTIFIC_PUBLICATION | HIGH | 2026-05-01 | The Adoption of Industrial AI in America,https://zenodo.org/records/16418191 https://www.semanticscholar.org/paper/a35f306f8375756d4037f4e5c5d4f02ad05ef049,,
bgrp-7bec2db951,2,робототехника и физический искусственный интеллект,Технология: Post-Human Biotechnologies Toward,Post-Human Biotechnologies Toward,zenodo | PREPRINT | MEDIUM | 2025-04-01 | Entanglement to Space-Time Mapping (ETSTM) and Synchronization Phenomena- A Unified Approach to Optimization in Complex Systems || zenodo | PREPRINT | MEDIUM | 2025-06-09 | Post-Human Biotechnologies: Toward Recursive Intelligence and Bio-Digital Identity,https://zenodo.org/records/15116402 https://zenodo.org/records/15622668,,
bgrp-72e88f8c70,2,цифровой рубль и программируемые деньги,Цифровые финансовые инструменты: перспективы цифрового рубля и смарт-контрактов,ЦИФРОВЫЕ ФИНАНСОВЫЕ ИНСТРУМЕНТЫ,"openalex | SCIENTIFIC_PUBLICATION | HIGH | 2024-06-30 | ПРОБЛЕМЫ И ПЕРСПЕКТИВЫ РЕАЛИЗАЦИИ ПРОЕКТА ЦИФРОВОГО РУБЛЯ В РОССИИ || openalex | SCIENTIFIC_PUBLICATION | HIGH | 2026-04-30 | ЦИФРОВОЙ РУБЛЬ И РАСЧЁТЫ МАЛОГО И СРЕДНЕГО ПРЕДПРИНИМАТЕЛЬСТВА В РОССИИ: СМАРТ-КОНТРАКТЫ, ЭКВАЙРИНГ И РИСКИ МАССОВОГО ВНЕДРЕНИЯ || openalex | SCIENTIFIC_PUBLICATION | HIGH | 2024-01-01 | IMPACT OF GLOBAL ECONOMIC TURBULENCE ON CRYPTOCURRENCY DEVELOPMENT: BEHAVIOR, RISKS AND DEVELOPMENT PROSPECTS || openalex | SCIENTIFIC_PUBLICATION | HIGH | 2025-03-13 | ЦИФРОВЫЕ ФИНАНСОВЫЕ ИНСТРУМЕНТЫ: КЛАССИФИКАЦИЯ, ХАРАКТЕРИСТИКА ОСНОВНЫХ ВИДОВ, ПОДХОДЫ К ОТРАЖЕНИЮ В ФИНАНСОВОЙ ОТЧЕТНОСТИ",https://doi.org/10.14451/1.235.302 https://doi.org/10.14451/1.257.392 https://doi.org/10.17513/vaael.3899 https://doi.org/10.25683/volbi.2025.70.1202,,
bgrp-ca1db674c1,2,защита и безопасность систем искусственного интеллекта,Технология: AI Phishing Risk,AI Phishing Risk,zenodo | PREPRINT | MEDIUM | 2026-03-17 | Neural Rendering Pipeline Security: A Threat Taxonomy for AI-Generated Visual Systems || zenodo | PREPRINT | MEDIUM | 2026-04-20 | AI Phishing Risk in K through 12 Cloud Environments: A Realism Based Analysis and Identity Cascade Model,https://zenodo.org/records/19069433 https://zenodo.org/records/20192260,,
bgrp-a14bf1b39b,2,перспективные решения в финтехе,Распределённое совместное обучение с использованием блокчейна в финтехе,Decentralized Federated Learning,openalex | SCIENTIFIC_PUBLICATION | HIGH | 2023-08-08 | A Survey on Decentralized Federated Learning || openalex | SCIENTIFIC_PUBLICATION | HIGH | 2024-02-05 | Decentralized Federated Learning: A Survey on Security and Privacy || openalex | SCIENTIFIC_PUBLICATION | HIGH | 2024-01-07 | Privacy-Preserving in Blockchain-based Federated Learning Systems || github | CODE_REPOSITORY | MEDIUM | 2025-03-30 | arpit-mohan-saxena/Decentralized-learning-and-skill-sharing-platform,http://arxiv.org/abs/2308.04604 https://doi.org/10.1109/tbdata.2024.3362191 http://arxiv.org/abs/2401.03552 https://github.com/arpit-mohan-saxena/Decentralized-learning-and-skill-sharing-platform,,
bgrp-20636401db,2,индустриальный искусственный интеллект на производстве,Технология: ai-manufacturing-optimizer,ai-manufacturing-optimizer,github | CODE_REPOSITORY | MEDIUM | 2026-06-17 | BaronTrump/manufacturing-agent-zero || github | CODE_REPOSITORY | MEDIUM | 2025-06-27 | vc10hueb/ai-manufacturing-optimizer || github | CODE_REPOSITORY | MEDIUM | 2026-09-06 | jeremylongworth-source/AgentManufacturing,https://github.com/BaronTrump/manufacturing-agent-zero https://github.com/vc10hueb/ai-manufacturing-optimizer https://github.com/jeremylongworth-source/AgentManufacturing,,
bweb-semi-solid-production-cars,2,твердотельные аккумуляторы для электротранспорта,semi-solid battery packs in production EVs,,"— | CORPORATE_BLOG | LOW | 2026-05-20 | Solid-State Batteries 2026: Advances, Challenges & Applications || — | INDUSTRY_MEDIA | MEDIUM | 2026-01-05 | All Current And Upcoming EVs With Solid-State Batteries",https://www.bonnenbatteries.com/solid-state-batteries-advances-challenges-future-use-cases/ https://insideevs.com/news/771402/every-solid-state-battery-ev/,,
bgrp-9b67db9965,2,вертикальные фермы и агротехнологии,Применение компьютерного зрения в сельском хозяйстве,Vision-Based Farming Applications,openalex | SCIENTIFIC_PUBLICATION | HIGH | 2024-03-27 | Generating Diverse Agricultural Data for Vision-Based Farming Applications || openalex | SCIENTIFIC_PUBLICATION | HIGH | 2024-01-25 | Image based Crop Monitoring Technologies in Protected Horticulture: A Review || openalex | SCIENTIFIC_PUBLICATION | HIGH | 2024-06-15 | Public Computer Vision Datasets for Precision Livestock Farming: A Systematic Survey,http://arxiv.org/abs/2403.18351 http://arxiv.org/abs/2401.13928 http://arxiv.org/abs/2406.10628,,
bgrp-34e60abd2e,2,защита и безопасность систем искусственного интеллекта,Платформы для разработки защищённых многоагентных ИИ-систем,Ali-hey-0 ai-runtime-lab,github | CODE_REPOSITORY | MEDIUM | 2026-05-08 | prisha-singla-dev/multi-agent-code-review || github | CODE_REPOSITORY | MEDIUM | 2026-07-20 | Ali-hey-0/ai-runtime-lab || github | CODE_REPOSITORY | MEDIUM | 2025-02-10 | msu-denver/bili-core,https://github.com/prisha-singla-dev/multi-agent-code-review https://github.com/Ali-hey-0/ai-runtime-lab https://github.com/msu-denver/bili-core,,
bgrp-f3f2c794f8,2,edge-вычисления и периферийный инференс,Вычисления на границе сети и периферийный инференс для оптимизации телекоммуникационных сетей,LinkedInLearning ai-for-telecom-network-optimization-and-security-in-5g-edge-systems-5215414,"github | CODE_REPOSITORY | MEDIUM | 2025-03-01 | LinkedInLearning/ai-for-telecom-network-optimization-and-security-in-5g-edge-systems-5215414 || openalex | SCIENTIFIC_PUBLICATION | HIGH | 2023-02-14 | Pushing AI to wireless network edge: an overview on integrated sensing, communication, and computation towards 6G",https://github.com/LinkedInLearning/ai-for-telecom-network-optimization-and-security-in-5g-edge-systems-5215414 https://doi.org/10.1007/s11432-022-3652-2,,
bgrp-ba4388c240,2,цифровые двойники в энергетике,Цифровые двойники в энергетике,Digital twins,openalex | SCIENTIFIC_PUBLICATION | HIGH | 2024-03-26 | Advancements and challenges of digital twins in industry || openalex | SCIENTIFIC_PUBLICATION | HIGH | 2024-03-26 | Digital twins in medicine || openalex | SCIENTIFIC_PUBLICATION | HIGH | 2023-10-15 | Energy Digital Twin applications: A review,https://doi.org/10.1038/s43588-024-00603-w https://doi.org/10.1038/s43588-024-00607-6 https://doi.org/10.1016/j.rser.2023.113891,,
bgrp-e4e43555f0,2,edge-вычисления и периферийный инференс,Edge-системы защиты и периферийный инференс: essex580/shielldos и evertramos/ezy-shield,essex580 shielddos,github | CODE_REPOSITORY | MEDIUM | 2026-02-19 | essex580/shielddos || github | CODE_REPOSITORY | MEDIUM | 2026-06-26 | evertramos/ezy-shield,https://github.com/essex580/shielddos https://github.com/evertramos/ezy-shield,,
bgrp-e2d2fed275,2,индустриальный искусственный интеллект на производстве,Симулятор производственных линий с искусственным интеллектом,Felix-Zuo factory-takt-simulator,github | CODE_REPOSITORY | MEDIUM | 2026-06-12 | Felix-Zuo/Felix-Zuo || github | CODE_REPOSITORY | MEDIUM | 2026-06-06 | Felix-Zuo/factory-takt-simulator || github | CODE_REPOSITORY | MEDIUM | 2026-07-14 | kamsiya/industrialmind-rfq-agent-demo,https://github.com/Felix-Zuo/Felix-Zuo https://github.com/Felix-Zuo/factory-takt-simulator https://github.com/kamsiya/industrialmind-rfq-agent-demo,,
bgrp-c535890e05,2,индустриальный искусственный интеллект на производстве,Индустрия 5.0: переход к человекоцентричному производству,Industry 5,openalex | SCIENTIFIC_PUBLICATION | HIGH | 2026-02-15 | Human-in-the-Loop: From Complete Automation to Dark Factories || zenodo | PREPRINT | HIGH | 2025-07-09 | Driving Industry 5.0 Success: How Theory Meets Practice in Europe's Industrial Evolution,https://doi.org/10.17323/fstig.2026.28237 https://zenodo.org/records/15845642,,
bgrp-8951ff0829,2,перспективные решения в финтехе,Анализ взаимосвязей между криптовалютами и оптимизация инвестиционных портфелей,interlinkages between cryptocurrencies,"openalex | SCIENTIFIC_PUBLICATION | HIGH | 2023-08-07 | Dynamic interlinkages between cryptocurrencies, NFTs, and DeFis and optimal portfolio investment strategies || openalex | SCIENTIFIC_PUBLICATION | HIGH | 2024-03-12 | Connectedness between healthcare cryptocurrencies and major asset classes: Implications for hedging and investments strategies || openalex | SCIENTIFIC_PUBLICATION | HIGH | 2024-03-20 | Analyzing Portfolio Optimization in Cryptocurrency Markets: A Comparative Study of Short-Term Investment Strategies Using Hourly Data Approach || openalex | SCIENTIFIC_PUBLICATION | HIGH | 2023-06-29 | Interconnectivity and investment strategies among commodity prices, cryptocurrencies, and G-20 capital markets: A comparative analysis during COVID-19 and Russian-Ukraine war",https://doi.org/10.1108/cfri-03-2023-0061 https://doi.org/10.1016/j.irfa.2024.103181 https://doi.org/10.3390/jrfm17030125 https://doi.org/10.1016/j.iref.2023.06.039,,
bgrp-5a5f1f8266,2,защита и безопасность систем искусственного интеллекта,AI-Enabled Intrusion Detection: системы обнаружения вторжений на основе искусственного интеллекта,AI-Enabled Intrusion Detection,semantic_scholar | SCIENTIFIC_PUBLICATION | HIGH | 2024-10-01 | Advancing Network Security in Industrial IoT: A Deep Dive into AI-Enabled Intrusion Detection Systems || openalex | SCIENTIFIC_PUBLICATION | HIGH | 2023-01-01 | Privacy and Data Protection in ChatGPT and Other AI Chatbots: Strategies for Securing User Information || openalex | SCIENTIFIC_PUBLICATION | HIGH | 2025-01-01 | The Impact of AI on Cybersecurity Defense Mechanisms: Future Trends and Challenges,https://www.semanticscholar.org/paper/771be100441a43285e6459edb7f918984d3e71db https://doi.org/10.2139/ssrn.4454761 https://doi.org/10.2139/ssrn.5258783,,
bgrp-7fc6e6a377,2,синтетическая биология в производстве материалов,Технология: Biodegradable Polymeric Materials,Biodegradable Polymeric Materials,"openalex | SCIENTIFIC_PUBLICATION | HIGH | 2023-06-06 | Biodegradation of Polymers: Stages, Measurement, Standards and Prospects || openalex | SCIENTIFIC_PUBLICATION | HIGH | 2024-10-28 | Bio-Based and Biodegradable Polymeric Materials for a Circular Economy || openalex | SCIENTIFIC_PUBLICATION | HIGH | 2024-10-10 | Biobased polymers of plant and microbial origin and their applications - a review || zenodo | PREPRINT | MEDIUM | 2026-06-20 | Biodegradable Plastic from Cucumber (Cucumis sativus) Peels and Orange (Citrus × sinensis) Peels: A 1:1 Polymer Blend Experiment || openalex | SCIENTIFIC_PUBLICATION | HIGH | 2026-05-26 | CHITOSAN AND STARCH-BASED COMPOSITIONS MODIFIED WITH NANOSTRUCTURED TITANIUM DIOXIDE AS AN ALTERNATIVE TO SYNTHETIC PACKAGING MATERIALS",https://doi.org/10.3390/macromol3020023 https://doi.org/10.3390/polym16213015 https://doi.org/10.1186/s44316-024-00014-x https://zenodo.org/records/20768576 https://doi.org/10.14258/jcprm.20260216864,,
bgrp-f483329619,2,робототехника и физический искусственный интеллект,Робототехника и нейротехнологии: правовые аспекты взаимодействия искусственного интеллекта,robot and neurotechnologies,"openalex | SCIENTIFIC_PUBLICATION | HIGH | 2023-01-04 | Legal Issues of the Legal Status of Artificial Intelligence and Products Created by Artificial Intelligence Systems || openalex | SCIENTIFIC_PUBLICATION | HIGH | 2024-08-05 | Artificial intelligence, robot and neurotechnologies: concepts, relationship and limits of legal regulation",https://doi.org/10.12737/jrl.2022.060 https://doi.org/10.31857/s1026945224040133,,
bgrp-1d4e54bfcd,2,инфраструктура для искусственного интеллекта и дата-центры,Энергосберегающая инфраструктура для искусственного интеллекта: архитектура BeastStack,Energy Efficient Framework,zenodo | PREPRINT | MEDIUM | 2026-03-16 | A Hypercubic Architecture for AI: The BeastStack Energy Efficient Framework || openalex | SCIENTIFIC_PUBLICATION | HIGH | 2024-03-20 | AI adoption rate and corporate green innovation efficiency: Evidence from Chinese energy companies,https://zenodo.org/records/19056280 https://doi.org/10.1016/j.eneco.2024.107499,,
bweb-agility-spac-valuation,2,робототехника и физический искусственный интеллект,Agility Robotics SPAC merger valuation,,— | CORPORATE_BLOG | LOW | 2026-07-11 | Top 10 Humanoid Robot Startups 2026: Ranked by Funding,https://theroboticlife.com/top-10-humanoid-robot-startups-2026/,,
bgrp-45bb7d4933,2,синтетическая биология в производстве материалов,Нанокомпозиты и био-нанокомпозиты в материалах,nanocomposite and bio-nanocomposite,openalex | SCIENTIFIC_PUBLICATION | HIGH | 2023-06-25 | State-of-the-art advances in nanocomposite and bio-nanocomposite polymeric materials: A comprehensive review || openalex | SCIENTIFIC_PUBLICATION | HIGH | 2023-02-12 | Preparation methods of different nanomaterials for various potential applications: A review || openalex | SCIENTIFIC_PUBLICATION | HIGH | 2023-02-08 | Biotechnological methods to remove microplastics: a review || openalex | SCIENTIFIC_PUBLICATION | HIGH | 2023-08-31 | Metal-conducting polymer hybrid composites: A promising platform for electrochemical sensing || openalex | SCIENTIFIC_PUBLICATION | HIGH | 2023-09-04 | Current advancements and prospects of enzymatic and non-enzymatic electrochemical glucose sensors,https://doi.org/10.1016/j.cis.2023.102955 https://doi.org/10.1016/j.molstruc.2023.135148 https://doi.org/10.1007/s10311-022-01552-4 https://doi.org/10.1016/j.inoche.2023.111334 https://doi.org/10.1016/j.ijbiomac.2023.126680,,
bgrp-230b4ec1f1,2,индустриальный искусственный интеллект на производстве,Технология: Autonomous Governance Factory,Autonomous Governance Factory,"zenodo | PREPRINT | HIGH | 2026-09-01 | Fabrikanın Epistemolojisi: Bir Kurum Kendisi Hakkında Ne Bilir || zenodo | PREPRINT | HIGH | 2026-06-27 | AI Autonomous Governance Factory: Concept, Architecture, and Launch Pathway",https://zenodo.org/records/22227342 https://zenodo.org/records/21132858,,
bgrp-4bf425c1d3,2,индустриальный искусственный интеллект на производстве,Искусственный интеллект в цифровой трансформации промышленного производства,artificial intelligence technologies,"openalex | SCIENTIFIC_PUBLICATION | HIGH | 2025-01-01 | The role of artificial intelligence technologies in digital transformation of Russian production || openalex | SCIENTIFIC_PUBLICATION | HIGH | 2023-01-01 | Possible consequences of the development of smart production systems “Smart Factory” during the period of intellectualization of living environment || openalex | SCIENTIFIC_PUBLICATION | HIGH | 2023-01-01 | Стратегическое становление развивающихся отраслей промышленности Российской Федерации с учетом цифровой трансформации, определяющей новую модель экономического развития || openalex | SCIENTIFIC_PUBLICATION | HIGH | 2026-06-30 | ИИ как фактор экономического поведения лизингополучателя строительных машин и оборудования || openalex | SCIENTIFIC_PUBLICATION | HIGH | 2024-01-01 | PROBLEMS AND RISKS OF INTEGRATION OF ARTIFICIAL INTELLIGENCE IN HIGHER EDUCATION",https://doi.org/10.35330/1991-6639-2025-27-2-37-54 http://doi.org/10.35330/1991-6639-2023-6-116-329-344 http://dx.doi.org/10.17586/2310-1172-2023-16-4-100-108 https://doi.org/10.24108/preprints-3115720 https://doi.org/10.22394/1997-4469-2024-65-2-164-168,,
bweb-humanoid-market-guides,2,робототехника и физический искусственный интеллект,humanoid robot companies guide specs prices,,"— | CORPORATE_BLOG | LOW | — | Humanoid Robot Companies 2026: Specs, Prices, Deployments || — | CORPORATE_BLOG | LOW | 2026-06-16 | Which Humanoid Robots Launch in 2026?",https://theresarobotforthat.com/blog/humanoid-robot-companies-2026-complete-guide/ https://qviro.com/blog/humanoid-robots-launch-2026/,,
bgrp-b8f969e315,2,робототехника и физический искусственный интеллект,ИИ агента почему,ИИ агента почему,"rss | INDUSTRY_MEDIA | MEDIUM | 2026-09-22 | Почему ИИ для программирования выбирает одни и те же библиотеки: я просканировал 30 сайтов документации || rss | INDUSTRY_MEDIA | MEDIUM | 2026-09-22 | Агент пишет быстрее, команда релизит медленнее: 30 дней с coding agent на реальном проекте || rss | INDUSTRY_MEDIA | MEDIUM | 2026-09-22 | Сторонние MCP: троянский конь для ИИ-агента || rss | INDUSTRY_MEDIA | MEDIUM | 2026-09-22 | Миграции от ИИ агента: почему я бы не пускал их в прод без отдельного firewall || rss | INDUSTRY_MEDIA | MEDIUM | 2026-09-22 | Как я сделал OpenClaw (ИИ) на 5000 сотрудников",https://habr.com/ru/articles/1084456/?utm_campaign=1084456&utm_source=habrahabr&utm_medium=rss https://habr.com/ru/articles/1084962/?utm_campaign=1084962&utm_source=habrahabr&utm_medium=rss https://habr.com/ru/companies/sberbank/articles/1083934/?utm_campaign=1083934&utm_source=habrahabr&utm_medium=rss https://habr.com/ru/articles/1084968/?utm_campaign=1084968&utm_source=habrahabr&utm_medium=rss https://habr.com/ru/articles/1072212/?utm_campaign=1072212&utm_source=habrahabr&utm_medium=rss,,
bgrp-a7ea4f7665,2,защита и безопасность систем искусственного интеллекта,Применение искусственного интеллекта в кибербезопасности,Intelligence in Cybersecurity,"zenodo | PREPRINT | HIGH | 2026-04-25 | Artificial Intelligence in Cybersecurity and Its Impact on U.S. Society || openalex | SCIENTIFIC_PUBLICATION | HIGH | 2024-12-09 | AI capabilities in cybersecurity: detection, prevention and response to SQL injections, XSS, and CSRF attacks || zenodo | PREPRINT | HIGH | 2026-05-12 | Cybersecurity has become a barrier to trade; How AI transforms labor market; Recommendations for managing risks of agent AI ; Is it possible to recover abandoned bitcoins through courts?",https://zenodo.org/records/19753780 https://doi.org/10.24147/2222-8772.2024.4.111-124 https://zenodo.org/records/22259408,,
bgrp-7ccb4079ee,2,перспективные решения в финтехе,Технология: QBitFlow qbitflow-evm-contracts,QBitFlow qbitflow-evm-contracts,github | CODE_REPOSITORY | MEDIUM | 2026-01-19 | QBitFlow/qbitflow-evm-contracts || github | CODE_REPOSITORY | MEDIUM | 2025-11-11 | jdrains110-beep/Triumph-Synergy-Digital-Financial-Ecosystem,https://github.com/QBitFlow/qbitflow-evm-contracts https://github.com/jdrains110-beep/Triumph-Synergy-Digital-Financial-Ecosystem,,
bgrp-2cee5837fe,2,инфраструктура для искусственного интеллекта и дата-центры,Инфраструктура инженерии данных для поддержки искусственного интеллекта,data-engineering-for-ai,github | CODE_REPOSITORY | MEDIUM | 2025-04-05 | e-d-i-n-i/ai-data-extraction || github | CODE_REPOSITORY | MEDIUM | 2026-06-21 | Enterprise-AI-Atlas/awesome-vector-databases || github | CODE_REPOSITORY | MEDIUM | 2026-08-29 | VijayAIeng/data-engineering-for-ai || github | CODE_REPOSITORY | MEDIUM | 2025-11-08 | nabavi71/vector-data-processing-pipeline || github | CODE_REPOSITORY | MEDIUM | 2025-12-16 | dviet04/Research-and-Development-of-a-Multimodal-Data-Mining-System-for-English-and-Vietnamese-Documents,https://github.com/e-d-i-n-i/ai-data-extraction https://github.com/Enterprise-AI-Atlas/awesome-vector-databases https://github.com/VijayAIeng/data-engineering-for-ai https://github.com/nabavi71/vector-data-processing-pipeline https://github.com/dviet04/Research-and-Development-of-a-Multimodal-Data-Mining-System-for-English-and-Vietnamese-Documents,,
bgrp-86f04d5424,2,малые языковые модели на мобильных устройствах,Технология: AI Judgment Patterns,AI Judgment Patterns,openalex | SCIENTIFIC_PUBLICATION | HIGH | 2023-04-19 | Co-Writing with Opinionated Language Models Affects Users’ Views || openalex | SCIENTIFIC_PUBLICATION | HIGH | 2023-01-01 | Toxicity in chatgpt: Analyzing persona-assigned language models || zenodo | PREPRINT | MEDIUM | 2026-03-26 | Structural Effects of the Knowledge Innovation System on AI Judgment Patterns: — 3 Models × 4 Conditions × 5 Questions × 30 Repetitions —,https://doi.org/10.1145/3544548.3581196 https://doi.org/10.18653/v1/2023.findings-emnlp.88 https://zenodo.org/records/19446064,,
bgrp-b8e942a031,2,edge-вычисления и периферийный инференс,Lucahttp HorneroDB — база данных с акцентом на безопасность и низкую кодификацию,lucahttp HorneroDB,github | CODE_REPOSITORY | MEDIUM | 2026-01-12 | ph33nx/hono-honeypot || github | CODE_REPOSITORY | MEDIUM | 2026-02-16 | lucahttp/HorneroDB,https://github.com/ph33nx/hono-honeypot https://github.com/lucahttp/HorneroDB,,
bgrp-43a1c347d3,2,edge-вычисления и периферийный инференс,Система периферийных вычислений с поддержкой беспилотников,tharanivenkat UAV-Assisted-Edge-Computing-System,github | CODE_REPOSITORY | MEDIUM | 2025-05-08 | tharanivenkat/UAV-Assisted-Edge-Computing-System || github | CODE_REPOSITORY | MEDIUM | 2026-04-07 | smshagor-dev/UVA-GPS-Denied-Navigation-in-Dynamic-Environments,https://github.com/tharanivenkat/UAV-Assisted-Edge-Computing-System https://github.com/smshagor-dev/UVA-GPS-Denied-Navigation-in-Dynamic-Environments,,
bgrp-fba341451e,2,квантовые сенсоры для навигации,Квантовые сенсоры на основе запутанности для навигации,Entanglement-enhanced optomechanical sensing,openalex | SCIENTIFIC_PUBLICATION | HIGH | 2023-04-20 | Entanglement-enhanced optomechanical sensing || semantic_scholar | SCIENTIFIC_PUBLICATION | HIGH | 2025-07-25 | Navigation in the future: Review of quantum sensing in navigation || openalex | SCIENTIFIC_PUBLICATION | HIGH | 2025-08-13 | Schrödinger optimizer: A quantum duality-driven metaheuristic for stochastic optimization and engineering challenges || openalex | SCIENTIFIC_PUBLICATION | HIGH | 2024-04-04 | Pulsed optical pumping in electron spin vapor,https://doi.org/10.1038/s41566-023-01178-0 https://www.semanticscholar.org/paper/5f2138065c27fbcf0554ec93b690b9700aa5e2de https://doi.org/10.1016/j.knosys.2025.114273 https://doi.org/10.1016/j.measurement.2024.114619,,
bgrp-608a25541f,2,малые языковые модели на мобильных устройствах,Маленькие языковые модели для обработки языка непосредственно на мобильных устройствах,ecamln14 On-device-AI-for-Language-Processing,github | CODE_REPOSITORY | MEDIUM | 2026-09-21 | ecamln14/On-device-AI-for-Language-Processing || openalex | SCIENTIFIC_PUBLICATION | HIGH | 2023-03-09 | ChatGPT for good? On opportunities and challenges of large language models for education,https://github.com/ecamln14/On-device-AI-for-Language-Processing https://doi.org/10.1016/j.lindif.2023.102274,,
bgrp-637d04b9cf,2,NFT и метавселенная,сетевая метавселенная,сетевая метавселенная,openalex | SCIENTIFIC_PUBLICATION | HIGH | 2024-09-30 | ИССЛЕДОВАНИЕ ВОЗМОЖНОСТЕЙ И ПЕРСПЕКТИВНЫХ ТЕХНОЛОГИЙ МЕТАВСЕЛЕННОЙ В РАЗВИТИИ ЭКОНОМИКИ И ОБЩЕСТВА || openalex | SCIENTIFIC_PUBLICATION | HIGH | 2026-07-28 | МЕТАВСЕЛЕННАЯ КАК НОВАЯ ПЛОЩАДКА ДЛЯ БРЕНДОВ: СТРАТЕГИИ И ПЕРСПЕКТИВЫ ЦИФРОВОГО МАРКЕТИНГА || openalex | SCIENTIFIC_PUBLICATION | HIGH | 2023-01-01 | Проблематика Метавселенной и аватар продукта: контекстный анализ || openalex | SCIENTIFIC_PUBLICATION | HIGH | 2024-12-11 | Event-услуги в метавселенной как один из инструментов digital-маркетинга || openalex | SCIENTIFIC_PUBLICATION | HIGH | 2023-03-15 | МЕТАВСЕЛЕННЫЕ КАК НОВЫЙ ОБЪЕКТ РЕГУЛИРОВАНИЯ ДЛЯ ИНФОРМАЦИОННОГО ПРАВА,https://doi.org/10.48081/amlx3809 https://doi.org/10.24412/2071-3762-2026-4346-64-69 http://doi.org/10.18411/trnio-04-2023-189 https://doi.org/10.34773/eu.2024.6.19 https://doi.org/10.17323/tis.2023.16880,,
bgrp-9f1c5ced83,2,edge-вычисления и периферийный инференс,Кибербезопасность на границе сети: инструменты аудита и защиты edge-устройств,edge-runners-hackathon,github | CODE_REPOSITORY | MEDIUM | 2024-08-20 | ayesha-asad07/edge-runners-hackathon || github | CODE_REPOSITORY | MEDIUM | 2026-03-03 | periphery-security/edgewalker || github | CODE_REPOSITORY | MEDIUM | 2026-05-02 | jdev-02/tera,https://github.com/ayesha-asad07/edge-runners-hackathon https://github.com/periphery-security/edgewalker https://github.com/jdev-02/tera,,
bgrp-ffb1f52312,2,зелёный водород для промышленности,Технология: Hydrogen energy future,Hydrogen energy future,"openalex | SCIENTIFIC_PUBLICATION | HIGH | 2023-02-24 | Greenhouse gas reduction and economic cost of technologies using green hydrogen in the steel industry || openalex | SCIENTIFIC_PUBLICATION | HIGH | 2023-02-21 | Optimal planning for industrial park-integrated energy system with hydrogen energy industry chain || openalex | SCIENTIFIC_PUBLICATION | HIGH | 2025-02-24 | Hydrogen energy industry in China: The current status, safety problems, and pathways for future safe and healthy development || openalex | SCIENTIFIC_PUBLICATION | HIGH | 2023-09-23 | Recent review and evaluation of green hydrogen production via water electrolysis for a sustainable and clean energy society || openalex | SCIENTIFIC_PUBLICATION | HIGH | 2023-09-16 | Machine learning-based prediction and optimization of green hydrogen production technologies from water industries for a circular economy",https://doi.org/10.1016/j.jenvman.2023.117569 https://doi.org/10.1016/j.ijhydene.2023.01.371 https://doi.org/10.1016/j.ssci.2025.106808 https://doi.org/10.1016/j.ijhydene.2023.09.068 https://doi.org/10.1016/j.desal.2023.116992,,
bgrp-378524099c,2,индустриальный искусственный интеллект на производстве,Технология: grishmankp-crypto Tata-Steel-Industrial-AI-Grishmank-,grishmankp-crypto Tata-Steel-Industrial-AI-Grishmank-,github | CODE_REPOSITORY | MEDIUM | 2026-07-03 | sydora/SteelPulse-AI || github | CODE_REPOSITORY | MEDIUM | 2026-05-14 | Harsh6266glitch/steelops-ai || github | CODE_REPOSITORY | MEDIUM | 2026-06-08 | grishmankp-crypto/Tata-Steel-Industrial-AI-Grishmank- || github | CODE_REPOSITORY | MEDIUM | 2026-05-28 | SRINIVASTA/industrial-decarbonization-ai,https://github.com/sydora/SteelPulse-AI https://github.com/Harsh6266glitch/steelops-ai https://github.com/grishmankp-crypto/Tata-Steel-Industrial-AI-Grishmank- https://github.com/SRINIVASTA/industrial-decarbonization-ai,,
bgrp-8510164080,2,облачные вычисления,"Приложения, родные для облаков",Cloud Native Applications,openalex | SCIENTIFIC_PUBLICATION | HIGH | 2023-02-22 | A Reference Architecture for Governance of Cloud Native Applications || openalex | SCIENTIFIC_PUBLICATION | HIGH | 2023-07-03 | Cloud Native Software Engineering,http://arxiv.org/abs/2302.11617 http://arxiv.org/abs/2307.01045,,
bgrp-9f53ee401f,2,инфраструктура для искусственного интеллекта и дата-центры,Инфраструктуры для искусственного интеллекта в медицинской визуализации,Intelligence in Healthcare,openalex | SCIENTIFIC_PUBLICATION | HIGH | 2023-06-05 | A Review of the Role of Artificial Intelligence in Healthcare || openalex | SCIENTIFIC_PUBLICATION | HIGH | 2023-09-22 | Revolutionizing healthcare: the role of artificial intelligence in clinical practice || openalex | SCIENTIFIC_PUBLICATION | HIGH | 2023-05-08 | Data infrastructures for AI in medical imaging: a report on the experiences of five EU projects || openalex | SCIENTIFIC_PUBLICATION | HIGH | 2024-03-22 | Digital twins for health: a scoping review,https://doi.org/10.3390/jpm13060951 https://doi.org/10.1186/s12909-023-04698-z https://doi.org/10.1186/s41747-023-00336-x https://doi.org/10.1038/s41746-024-01073-0,,
bgrp-58d54203ef,2,твердотельные аккумуляторы для электротранспорта,Переработка отработавших литий-ионных батарей для устойчивого будущего,spent lithium-ion batteries,"openalex | SCIENTIFIC_PUBLICATION | HIGH | 2023-09-28 | Energy consumption of current and future production of lithium-ion and post lithium-ion battery cells || openalex | SCIENTIFIC_PUBLICATION | HIGH | 2024-11-22 | Comparative life cycle assessment of lithium‐ion, sodium‐ion, and solid‐state battery cells for electric vehicles || openalex | SCIENTIFIC_PUBLICATION | HIGH | 2024-01-01 | Recycling of spent lithium-ion batteries for a sustainable future: recent advancements",https://doi.org/10.1038/s41560-023-01355-z https://doi.org/10.1111/jiec.13594 https://doi.org/10.1039/d3cs00898c,,
bgrp-f50416324c,2,инфраструктура для искусственного интеллекта и дата-центры,Технология: Ranga-gen-ai ai-invoice-intelligence-engine,Ranga-gen-ai ai-invoice-intelligence-engine,github | CODE_REPOSITORY | MEDIUM | 2026-02-18 | Ranga-gen-ai/ai-invoice-intelligence-engine || github | CODE_REPOSITORY | MEDIUM | 2026-08-21 | Nteinpraises/AI-Proposal-Invoice-Generator-for-Businesses,https://github.com/Ranga-gen-ai/ai-invoice-intelligence-engine https://github.com/Nteinpraises/AI-Proposal-Invoice-Generator-for-Businesses,,
bgrp-66eb9b91a0,2,защита и безопасность систем искусственного интеллекта,Разработка и применение ИИ-агентов,создаём ИИ-агента,rss | INDUSTRY_MEDIA | MEDIUM | 2026-09-23 | Двенадцать дней ИИ-агента на боевом b2b-портале: что он нашёл сам и где ему нельзя верить на слово || rss | INDUSTRY_MEDIA | MEDIUM | 2026-09-23 | Как мы создаём ИИ-агента для технических писателей (и почему это непросто) || rss | INDUSTRY_MEDIA | MEDIUM | 2026-09-23 | Как ИИ-агенты ищут работу и конкурируют за заказы на платформе iLands. И почему это проблема для людей-фрилансеров || rss | INDUSTRY_MEDIA | MEDIUM | 2026-09-23 | Сколько ресурсов ест ИИ‑агент на сервере: замеры на двадцати агентах || rss | INDUSTRY_MEDIA | MEDIUM | 2026-09-23 | До вайб‑кодинга оставалась четверть века…,https://habr.com/ru/articles/1085712/?utm_campaign=1085712&utm_source=habrahabr&utm_medium=rss https://habr.com/ru/companies/sberbank/articles/1085230/?utm_campaign=1085230&utm_source=habrahabr&utm_medium=rss https://habr.com/ru/articles/1085876/?utm_campaign=1085876&utm_source=habrahabr&utm_medium=rss https://habr.com/ru/articles/1085800/?utm_campaign=1085800&utm_source=habrahabr&utm_medium=rss https://habr.com/ru/articles/1085668/?utm_campaign=1085668&utm_source=habrahabr&utm_medium=rss,,
bgrp-118617ab9c,2,перспективные решения в финтехе,Платформы децентрализованных автономных организаций (DAO) и механизмы голосования,DAO Decentralization Voting-Bloc,"openalex | SCIENTIFIC_PUBLICATION | HIGH | 2023-08-14 | A Categorization of Decentralized Autonomous Organizations: The Case of the Aragon Platform || openalex | SCIENTIFIC_PUBLICATION | HIGH | 2023-11-06 | DAO Decentralization: Voting-Bloc Entropy, Bribery, and Dark DAOs",https://doi.org/10.1109/tcss.2023.3299254 http://arxiv.org/abs/2311.03530,,
bgrp-40ca3280af,2,твердотельные аккумуляторы для электротранспорта,Симуляция электромобилей с использованием искусственного интеллекта,Electric Vehicle Simulation,openalex | SCIENTIFIC_PUBLICATION | HIGH | 2023-09-26 | A Review on AI Algorithms for Energy Management in E-Mobility Services || openalex | SCIENTIFIC_PUBLICATION | HIGH | 2023-04-26 | AI-based Predictive Analytic Approaches for safeguarding the Future of Electric/Hybrid Vehicles || openalex | SCIENTIFIC_PUBLICATION | HIGH | 2024-04-08 | EVLearn: Extending the CityLearn Framework with Electric Vehicle Simulation,http://arxiv.org/abs/2309.15140 http://arxiv.org/abs/2304.13841 http://arxiv.org/abs/2404.06521,,
